date,settle,price_pos,buy_signal,trailing_yoy,fwd_6m,fwd_12m,fwd_18m,fwd_24m
2008-01-31,138.14999389648438,,,,0.008686299385075813,-0.13934124662379255,-0.07455661149055903,-0.04668836216580052
2008-02-29,164.60000610351562,,,,-0.13791015410263952,-0.3350547212045062,-0.2654921200316004,-0.2159781393288691
2008-03-31,127.4000015258789,,,,0.023940309150967565,-0.09144428089753542,0.0031397293648984803,0.06868125797336089
2008-04-30,134.5500030517578,,,,-0.16016352703810866,-0.14529916468480086,0.00706054943660428,0.0048308724023911065
2008-05-31,133.89999389648438,,,,-0.14787151848319202,0.026138910825535877,0.058625888434202134,0.0026139366651967144
2008-06-30,150.89999389648438,,,,-0.25745521813193184,-0.22266396423962587,-0.09907221705057001,0.08813786341755225
2008-07-31,139.35000610351562,,,,-0.1467528071900156,-0.0825260647699706,-0.05489780280017109,0.2651596363820323
2008-08-31,141.89999389648438,,,,-0.228682158872497,-0.14799149593991456,-0.09055666946751662,0.24594792569711377
2008-09-30,130.4499969482422,0.10269577184602373,0.8973042281539763,,-0.11268683244258415,-0.02031425035246104,0.04369487988952381,0.40321968059827085
2008-10-31,113.0,0.09185447715901959,0.9081455228409804,,0.017699115044247815,0.1991150442477876,0.19646014998444405,0.8004424508693999
2008-11-30,114.0999984741211,0.11091857650564192,0.889081423494358,,0.20420679872005376,0.24233130495746824,0.17659948988035357,0.7611744052198166
2008-12-31,112.05000305175781,0.16379318695019476,0.8362068130498053,,0.04685408172255867,0.21329757470372002,0.46541715730605926,1.1463631722429222
2009-01-31,118.9000015258789,0.2711599418970144,0.7288400581029856,-0.13934124662379255,0.07527331230768897,0.10765345044656982,0.4827586273275668,1.0588730017675938
2009-02-28,109.44999694824219,0.12304073726264719,0.8769592627373528,-0.3350547212045062,0.10461402372675543,0.17907726496131637,0.6153495475688755,1.482412241048444
2009-03-31,115.75,0.27290264112430646,0.7270973588756935,-0.09144428089753542,0.1041036980713419,0.17624184791779163,0.5814255123262013,1.2820733813951133
2009-04-30,115.0,0.25843783838425755,0.7415621616157424,-0.14529916468480086,0.17826086956521747,0.17565214737601909,0.7691304082455843,1.6030435313349183
2009-05-31,137.39999389648438,0.6904531625055197,0.3095468374944803,0.026138910825535877,0.0316594344741592,-0.022925720789023774,0.4625182378074608,0.9257643221066103
2009-06-30,117.30000305175781,0.30279662564450727,0.6972033743554927,-0.22266396423962587,0.15899397622568845,0.39982943458057774,1.0502983268796764,1.262148330775676
2009-07-31,127.8499984741211,0.6220378472165097,0.3779621527834903,-0.0825260647699706,0.030113402581701143,0.37895975874762167,0.9147438871601496,0.8736801400920362
2009-08-31,120.9000015258789,0.4606205811194889,0.5393794188805111,-0.14799149593991456,0.06741109531032041,0.4623655981833332,1.247311900561666,1.3912324437947432
2009-09-30,127.80000305175781,0.6445265336818519,0.35547346631814813,-0.02031425035246104,0.06533639002610103,0.4323161086124878,1.0669013113364803,0.7910797216787391
2009-10-31,135.5,0.7939109576497179,0.20608904235028214,0.1991150442477876,-0.0022140446624192567,0.5014759922379497,1.2092251372953182,0.674907726555293
2009-11-30,141.75,0.9402809653773825,0.05971903462261752,0.24233130495746824,-0.05291005291005291,0.4176366627741954,0.8666667097249781,0.6493827375785384
2009-12-31,135.9499969482422,0.7256438594728557,0.2743561405271443,0.21329757470372002,0.20779698884991604,0.7690327723329133,0.9518206109599074,0.6686282544741813
2010-01-31,131.6999969482422,0.6304590760246629,0.3695409239753371,0.10765345044656982,0.3386484976233015,0.8587699979064061,0.8189066712423725,0.6328778134768827
2010-02-28,129.0500030517578,0.5711087006891574,0.4288912993108426,0.17907726496131637,0.3700116146517951,1.1053855542960438,1.2402169644859824,0.5741959635212672
2010-03-31,136.14999389648438,0.6703145126966291,0.3296854873033709,0.17624184791779163,0.34447309039860685,0.940139594110589,0.6812339637012277,0.3400661412218642
2010-04-30,135.1999969482422,0.6378829467914459,0.36211705320855414,0.17565214737601909,0.5048077037022991,1.2141273140569226,0.6786242756730543,0.31619823198935215
2010-05-31,134.25,0.6114206317564782,0.3885793682435218,-0.022925720789023774,0.49683424170012813,0.9709497661341946,0.7415270245940992,0.19664799922893383
2010-06-30,164.1999969482422,0.9488116415361557,0.051188358463844286,0.39982943458057774,0.46467725012082983,0.6160171195810504,0.3815469568797951,0.03593184692404838
2010-07-31,176.3000030517578,1.0,0.0,0.37895975874762167,0.38854225078992144,0.35876346514543833,0.2197957988045176,-0.010777136258560582
2010-08-31,176.8000030517578,0.9238171686444764,0.07618283135552362,0.4623655981833332,0.5367647484004379,0.6351810017722808,0.1490384071826778,-0.0692873291207684
2010-09-30,183.0500030517578,0.8410448672166512,0.15895513278334883,0.4323161086124878,0.44304829004452606,0.25047795728122635,-0.003277826241532278,-0.052171553633121315
2010-10-31,203.4499969482422,1.0,0.0,0.5014759922379497,0.4713689387750173,0.115507497431806,-0.1253379227451511,-0.23986239264566112
2010-11-30,200.9499969482422,0.8198096809880112,0.1801903190119888,0.4176366627741954,0.3167455094396816,0.16347353372678408,-0.20054741808300558,-0.29285887901697405
2010-12-31,240.5,1.0,0.0,0.7690327723329133,0.10332642870484676,-0.056756731378313385,-0.2927234673450494,-0.4020789893897804
2011-01-31,244.8000030517578,0.9982949962230271,0.0017050037769729132,0.8587699979064061,-0.021446078164018667,-0.12152777626277234,-0.287581733160309,-0.3997140722372756
2011-02-28,271.70001220703125,0.9869640219757958,0.013035978024204198,1.1053855542960438,0.06404119659452157,-0.2523003873047779,-0.3943688050835521,-0.4749724420778191
2011-03-31,264.1499938964844,0.8171100295267727,0.1828899704732273,0.940139594110589,-0.13344690825097594,-0.30929395735764786,-0.34317621045264335,-0.48078744249287775
2011-04-30,299.3500061035156,1.0,0.0,1.2141273140569226,-0.2418573832607086,-0.40554537056963735,-0.4833806890152319,-0.5491899308611462
2011-05-31,264.6000061035156,0.7654249670754744,0.23457503292452564,0.9709497661341946,-0.11640212525055038,-0.3928571799290299,-0.46296295228381856,-0.5198412693835922
2011-06-30,265.3500061035156,0.7352745019496321,0.26472549805036794,0.6160171195810504,-0.14509138539450717,-0.3589598560734234,-0.4580742425321067,-0.5477671104586792
2011-07-31,239.5500030517578,0.5358665020566855,0.4641334979433145,0.35876346514543833,-0.10227509784129063,-0.27196830860067633,-0.3865581503812723,-0.5049050429421366
2011-08-31,289.1000061035156,0.8806647392648537,0.11933526073514633,0.6351810017722808,-0.29730200758368663,-0.4308197870018765,-0.50657215190301,-0.6122449114235495
2011-09-30,228.89999389648438,0.4259818466500848,0.5740181533499151,0.25047795728122635,-0.2029270344552665,-0.24202706585277567,-0.4008300674813131,-0.5032765400611552
2011-10-31,226.9499969482422,0.2832184188667385,0.7167815811332615,0.115507497431806,-0.21590659025730174,-0.3185723904999498,-0.40537563885044403,-0.5355805113761855
2011-11-30,233.8000030517578,0.30019687744472934,0.6998031225552707,0.16347353372678408,-0.31287428657167193,-0.3922155506898859,-0.45658682038754317,-0.5284431199276193
2011-12-31,226.85000610351562,0.16923905983768026,0.8307609401623197,-0.056756731378313385,-0.250165300741072,-0.3661009513654615,-0.47101610415984785,-0.5120123695402157
2012-01-31,215.0500030517578,0.043640300550242185,0.9563596994497578,-0.12152777626277234,-0.18902584784195453,-0.3166705656224773,-0.44850036367785273,-0.4178098341244417
2012-02-29,203.14999389648438,0.03645824979651334,0.9635417502034866,-0.2523003873047779,-0.1900073443487047,-0.29780950931668715,-0.44819098281025815,-0.11493965811598605
2012-03-31,182.4499969482422,0.04671078351537562,0.9532892164846244,-0.30929395735764786,-0.04905451958314444,-0.24828722285267357,-0.37681557221129003,-0.024938356414708873
2012-04-30,177.9499969482422,0.04007563744240312,0.9599243625575968,-0.40554537056963735,-0.13093567547817808,-0.24164091451210756,-0.40769877306300195,0.14105089370030233
2012-05-31,160.64999389648438,0.0,1.0,-0.3928571799290299,-0.11546833798774703,-0.2091502777546128,-0.3137254641227055,0.10488644098158506
2012-06-30,170.10000610351562,0.14770322898587296,0.852296771014127,-0.3589598560734234,-0.1546149447857912,-0.2945326531794884,-0.34920639049904045,0.0170487583329042
2012-07-31,174.39999389648438,0.17809183201962184,0.8219081679803781,-0.27196830860067633,-0.15739677700066446,-0.3199541133899554,-0.2821100841175773,0.11840601994246813
2012-08-31,164.5500030517578,0.10964288878927081,0.8903571112107291,-0.4308197870018765,-0.13309029929574034,-0.3187481227887854,0.09267699615419178,0.1896079998152811
2012-09-30,173.5,0.2391732440153561,0.7608267559846439,-0.24202706585277567,-0.20951012163409577,-0.3446686054856358,0.025360195368786087,0.11440925708078176
2012-10-31,154.64999389648438,0.060354338472373904,0.9396456615276261,-0.3185723904999498,-0.12738440171829857,-0.3184610042957464,0.3129648306851547,0.2156482859342277
2012-11-30,142.10000610351562,0.024185102767392653,0.9758148972326074,-0.3922155506898859,-0.10591134697625793,-0.22413796435950784,0.249120284137754,0.31351151217062867
2012-12-31,143.8000030517578,0.10157794548067446,0.8984220545193256,-0.3661009513654615,-0.16550766722300758,-0.23018084423546203,0.20305977975349743,0.15855356444986612
2013-01-31,146.9499969482422,0.15380214314018387,0.8461978568598161,-0.3166705656224773,-0.19292275646733326,-0.14800953012377838,0.3273222667738953,0.10173526545568956
2013-02-28,142.64999389648438,0.12594624453130415,0.8740537554686958,-0.29780950931668715,-0.21416050984574342,0.26042769537187493,0.3722398063476138,-0.041359930942343914
2013-03-31,137.14999389648438,0.07350251299281951,0.9264974870071805,-0.24828722285267357,-0.17098066344750518,0.2971199548922807,0.4097704317030366,-0.03098797075563664
2013-04-30,134.9499969482422,0.03357515702570428,0.9664248429742958,-0.24164091451210756,-0.2189699599155729,0.5046314015822781,0.3931085902291962,0.011856288549078497
2013-05-31,127.05000305175781,0.019246264747460915,0.9807537352525391,-0.2091502777546128,-0.13223142580259362,0.39708772716589236,0.4691065675964339,-0.007083837105554935
2013-06-30,120.0,0.033309689958905084,0.966690310041095,-0.2945326531794884,-0.07750002543131507,0.44166666666666665,0.3883333841959635,0.08874994913736978
2013-07-31,118.5999984741211,0.014393894819074089,0.985606105180926,-0.3199541133899554,0.05564922899692304,0.64460375684,0.3650927148351648,0.056070839894065916
2013-08-31,112.0999984741211,0.0,1.0,-0.3187481227887854,0.6039251159603329,0.7462087659634533,0.21989296932568192,0.0753791676418929
2013-09-30,113.69999694824219,0.0365012979430267,0.9634987020569733,-0.3446686054856358,0.564643787787144,0.7005278038092757,0.16886541304818414,0.06728233712584264
2013-10-31,105.4000015258789,0.0,1.0,-0.3184610042957464,0.9264705892997815,0.7836811885988473,0.29554080716242326,0.14753316126418925
2013-11-30,110.25,0.15967152395476605,0.840328476045234,-0.22413796435950784,0.6099773242630386,0.6929704661812641,0.1442177009150014,0.06031747415763178
2013-12-31,110.69999694824219,0.16788314664057452,0.8321168533594254,-0.23018084423546203,0.5627823375721157,0.5049684796415082,0.18021677956838444,0.14453478266562914
2014-01-31,125.19999694824219,0.5102260173375333,0.48977398266246674,-0.14800953012377838,0.5579074105919644,0.29313097318535886,0.00039938540716155657,-0.07068689049393262
2014-02-28,179.8000030517578,1.0,0.0,0.26042769537187493,0.08870965894061067,-0.23943271591249804,-0.3295328086448591,-0.3734705249507081
2014-03-31,177.89999389648438,0.7378077416211862,0.26219225837881377,0.2971199548922807,0.08684661459865617,-0.25295110479983707,-0.3178751959669449,-0.28358627700458383
2014-04-30,203.0500030517578,0.9152772045512588,0.08472279544874117,0.5046314015822781,-0.07411968887250664,-0.32750553558499096,-0.40433393188666034,-0.40482641389906204
2014-05-31,177.5,0.684993259039509,0.31500674096049097,0.39708772716589236,0.05154926138864435,-0.2892957660513864,-0.3414084421077245,-0.3152112504126321
2014-06-30,173.0,0.6444344476490118,0.3555655523509882,0.44166666666666665,-0.036994184372742045,-0.24479772314170878,-0.2676300754436868,-0.1670519878409501
2014-07-31,195.0500030517578,0.8431726509681526,0.15682734903184736,0.64460375684,-0.16995646570934353,-0.3578569698008972,-0.4034863027238874,-0.25044863029585773
2014-08-31,195.75,0.8494817719009701,0.15051822809902993,0.7462087659634533,-0.301404853128991,-0.384163458228568,-0.4245210650018958,-0.2546615892899904
2014-09-30,193.35000610351562,0.827850460837447,0.17214953916255304,0.7005278038092757,-0.3126455148631728,-0.37238171893745486,-0.34083272342899196,-0.2161882685919283
2014-10-31,188.0,0.7184385746262547,0.2815614253737453,0.7836811885988473,-0.2736701965332031,-0.3566489524029671,-0.3571808591802069,-0.12686173459316819
2014-11-30,186.64999389648438,0.6974248728887122,0.30257512711128776,0.6929704661812641,-0.32413605330283923,-0.373694051173067,-0.3487811035280872,-0.20975084477204353
2014-12-31,166.60000610351562,0.5026979378541888,0.4973020621458112,0.5049684796415082,-0.21578637989181093,-0.23949584449884043,-0.1350540166608385,-0.17737096019910792
2015-01-31,161.89999389648438,0.4111874033971847,0.5888125966028153,0.29313097318535886,-0.22637427596147808,-0.28134649252357,-0.09697342520148855,-0.07628160166962639
2015-02-28,136.75,0.0023432568212694133,0.9976567431787305,-0.23943271591249804,-0.1184643286891568,-0.1762339924981433,0.06691037584266457,0.028884804009083664
2015-03-31,132.89999389648438,0.06952424799609733,0.9304757520039026,-0.25295110479983707,-0.0869074187569907,-0.041008255820441764,0.14033115133022434,0.048156579753181994
2015-04-30,136.5500030517578,0.10768430432839149,0.8923156956716085,-0.32750553558499096,-0.11424390886027747,-0.11497623014834935,0.2021236926246357,-0.04027828544181933
2015-05-31,126.1500015258789,0.021461406955606978,0.9785385930443931,-0.2892957660513864,-0.07332540537546028,-0.03646451382069493,0.1692429505816635,0.02536666301173418
2015-06-30,130.64999389648438,0.0674500915917281,0.9325499084082719,-0.24479772314170878,-0.030233426198028157,0.10294690268173956,0.04898591239387473,-0.050516579816726304
2015-07-31,125.25,0.04918839449308544,0.9508116055069146,-0.3578569698008972,-0.07105789641420279,0.16726544469654447,0.19401200041323596,0.11177644710578849
2015-08-31,120.55000305175781,0.033381023420242226,0.9666189765797578,-0.384163458228568,-0.06553298486842063,0.21028610703429518,0.16715050507160112,0.06304430238349745
2015-09-30,121.3499984741211,0.07625168691289229,0.9237483130871077,-0.37238171893745486,0.050267808412226556,0.248866954737351,0.14791928144494126,0.055212234543748684
2015-10-31,120.94999694824219,0.09316030203044452,0.9068396979695554,-0.3566489524029671,-0.000826775333974461,0.3571723690636275,0.08350563338862838,0.03431171253071463
2015-11-30,116.9000015258789,0.0615284937609444,0.9384715062390556,-0.373694051173067,0.039777600215424425,0.26176217343630204,0.10650132091641229,0.08041061935998317
2015-12-31,126.69999694824219,0.21428564205286216,0.7857143579471378,-0.23949584449884043,0.1373323565460025,0.08168907934341685,-0.020915500870666293,-0.003946330008233967
2016-01-31,116.3499984741211,0.08482141701542759,0.9151785829845724,-0.28134649252357,0.2565534926135853,0.2853459820630866,0.19681995553246523,0.04727116520954078
2016-02-29,112.6500015258789,0.03034691034865673,0.9696530896513432,-0.1762339924981433,0.2951619344893395,0.2490012875492007,0.13759424909590146,0.07456725621037119
2016-03-31,127.44999694824219,0.4580924616507144,0.5419075383492856,-0.041008255820441764,0.18909381467700404,0.09297768840534326,0.0047077765232061974,-0.07296975790544769
2016-04-30,120.8499984741211,0.3078203463923368,0.6921796536076632,-0.11497623014834935,0.35829537417524726,0.08440219037173557,0.03516756353877892,-0.001654918914086867
2016-05-31,121.55000305175781,0.38417003827952745,0.6158299617204726,-0.03646451382069493,0.21349235949580603,0.06417114649052258,0.03907856750918692,0.017688143500653508
2016-06-30,144.10000610351562,1.0,0.0,0.10294690268173956,-0.04892437719047271,-0.1391395017523781,-0.12421935043094168,-0.2262318162575031
2016-07-31,146.1999969482422,0.8940567023631604,0.10594329763683963,0.16726544469654447,0.022913858915480034,-0.04753759981747896,-0.16655266061832752,-0.24828998755187548
2016-08-31,145.89999389648438,0.8863046864388219,0.11369531356117812,0.21028610703429518,-0.0356408304713951,-0.12165867541155329,-0.17032208282584005,-0.327621641000734
2016-09-30,151.5500030517578,0.8887653060999336,0.11123469390006635,0.248866954737351,-0.08083140714828185,-0.1550643320803775,-0.2203893160891065,-0.3239855170886855
2016-10-31,164.14999389648438,0.9749535052820463,0.025046494717953727,0.3571723690636275,-0.2016447887631354,-0.237892152752615,-0.26500148637250187,-0.31343282888385227
2016-11-30,147.5,0.5721115085420636,0.4278884914579364,0.26176217343630204,-0.12305080607786012,-0.14372879286943852,-0.1613559528932733,-0.30000000000000004
2016-12-31,137.0500030517578,0.4055777128816627,0.5944222871183373,0.08168907934341685,-0.09485588989801386,-0.07916822956521974,-0.1864283289516505,-0.25684059681737625
2017-01-31,149.5500030517578,0.5990299013026589,0.4009700986973411,0.2853459820630866,-0.06887330552706894,-0.1852223604973784,-0.2651287242846556,-0.2918756311276842
2017-02-28,140.6999969482422,0.4559417003297477,0.5440582996702523,0.2490012875492007,-0.08919689640344808,-0.1396588082636051,-0.30277185073281776,-0.3233830915912358
2017-03-31,139.3000030517578,0.37130047972805147,0.6286995202719485,0.09297768840534326,-0.08076094582582305,-0.15183058910645164,-0.2645370085873133,-0.3216080550630863
2017-04-30,131.0500030517578,0.2233184371991436,0.7766815628008564,0.08440219037173557,-0.045402551996025386,-0.0793590330690146,-0.14002293533917998,-0.2991225003036039
2017-05-31,129.35000610351562,0.15174368687413442,0.8482563131258656,0.06417114649052258,-0.02357945812014084,-0.04368000687028861,-0.20177815904104734,-0.19134137194850775
2017-06-30,124.05000305175781,0.17405590328384626,0.8259440967161538,-0.1391395017523781,0.017331671451771946,-0.10116890562688285,-0.1789601292341294,-0.1273680182431396
2017-07-31,139.25,0.42364530662018374,0.5763546933798163,-0.04753759981747896,-0.12495512765442662,-0.21077198186083368,-0.23949729604395753,-0.28438059945508865
2017-08-31,128.14999389648438,0.2413792239466238,0.7586207760533762,-0.12165867541155329,-0.055403754841078734,-0.23449080650473342,-0.25712055027375325,-0.26960590766997383
2017-09-30,128.0500030517578,0.23973733840155564,0.7602626615984444,-0.1550643320803775,-0.07731355946846263,-0.199921948406109,-0.26200704609274317,-0.21007419667929195
2017-10-31,125.0999984741211,0.1912972048358077,0.8087027951641923,-0.237892152752615,-0.035571518805116,-0.09912071684352608,-0.26578737334579816,-0.1850519728876563
2017-11-30,126.30000305175781,0.30631721187894084,0.6936827881210592,-0.14372879286943852,-0.020585954399780504,-0.1825019991671093,-0.17181317540225272,-0.06136183541360685
2017-12-31,126.19999694824219,0.30393327598404646,0.6960667240159535,-0.07916822956521974,-0.11648175359521629,-0.19294769463510875,-0.14223452759356192,0.02773375661360311
2018-01-31,121.8499984741211,0.22764226129408557,0.7723577387059144,-0.1852223604973784,-0.098071375444294,-0.13089862247006678,-0.18219119594783661,-0.15757076067850706
2018-02-28,121.05000305175781,0.24877267902853217,0.7512273209714678,-0.1396588082636051,-0.18959111110326776,-0.213548165649057,-0.2267658313556573,-0.09045852376356223
2018-03-31,118.1500015258789,0.159592701686757,0.840407298313243,-0.15183058910645164,-0.13288196677845898,-0.20016928667325273,-0.14388489022809214,0.011849356815896828
2018-04-30,120.6500015258789,0.2457339190346864,0.7542660809653137,-0.0793590330690146,-0.06589311626267558,-0.23870702600513716,-0.15499381965300385,-0.13261500039490737
2018-05-31,123.69999694824219,0.36180891036649465,0.6381910896335053,-0.04368000687028861,-0.165319300345648,-0.15440581200752013,-0.041632934709280534,-0.22150359395682861
2018-06-30,111.5,0.0,1.0,-0.10116890562688285,-0.08654709888680634,-0.029147982062780242,0.16322867218154435,-0.10269055558961604
2018-07-31,109.9000015258789,0.13892536932567554,0.8610746306743244,-0.21077198186083368,-0.03639672378947234,-0.09326660471052284,-0.06596906186841855,0.08234754592093618
2018-08-31,98.0999984741211,0.03899075705819636,0.9610092429418037,-0.23449080650473342,-0.02956168777763979,-0.045871560346528506,0.12232416092407594,0.323139705104065
2018-09-30,102.44999694824219,0.2679486396985176,0.7320513603014824,-0.199921948406109,-0.07759880122064355,-0.012689072338577412,0.1669107526880118,0.08296730359391047
2018-10-31,112.69999694824219,0.5418847801555837,0.4581152198444163,-0.09912071684352608,-0.18500442802759365,-0.09538598306206669,-0.07142853274486127,-0.07364681142072327
2018-11-30,103.25,0.2945026413285533,0.7054973586714467,-0.1825019991671093,0.013075045754199488,0.14818404892743642,-0.06731231911130453,0.16900723436554177
2018-12-31,101.8499984741211,0.25785338379652284,0.7421466162034771,-0.19294769463510875,0.06283752205951254,0.2734413244119729,-0.017673003920767205,0.25920473167789826
2019-01-31,105.9000015258789,0.4384858947644057,0.5615141052355943,-0.13089862247006678,-0.05901794060383159,-0.03068932911399247,0.12322941675476962,0.16100089874122192
2019-02-28,95.19999694824219,0.10094628568788024,0.8990537143121198,-0.213548165649057,-0.016806707199696347,0.15651262608736904,0.36344545391452865,0.43750011019346435
2019-03-31,94.5,0.07886436090457191,0.9211356390954281,-0.20016928667325273,0.07037038651723715,0.2650793973730985,0.17407404178034058,0.306878306878307
2019-04-30,91.8499984741211,0.13096851901041429,0.8690314809895857,-0.23870702600513716,0.10996187960707249,0.13935768388024772,0.13663585476589635,0.5236799049884944
2019-05-31,104.5999984741211,0.4844804093392037,0.5155195906607963,-0.15440581200752013,0.13336524647357484,-0.07934986179198433,0.1539196817302475,0.5521033314707204
2019-06-30,108.25,0.6016712411154217,0.3983287588845783,-0.029147982062780242,0.19815239675050522,-0.07575054917544743,0.18475750577367211,0.4720554836352482
2019-07-31,99.6500015258789,0.3621169762521823,0.6378830237478177,-0.09326660471052284,0.030105368329782722,0.19367782365112274,0.2338183147574997,0.8018063251622634
2019-08-31,93.5999984741211,0.19359322152764274,0.8064067784723572,-0.045871560346528506,0.17628205415582343,0.3867521919633945,0.4620727386160426,1.0667735053620544
2019-09-30,101.1500015258789,0.40389970428128025,0.5961002957187198,-0.012689072338577412,0.1819080696817521,0.09688576643131319,0.22095895340548188,0.9179436191146839
2019-10-31,101.94999694824219,0.4580836743527864,0.5419163256472136,-0.09538598306206669,0.02648361607119476,0.024031433555417703,0.3727317423981069,1.0004904664370242
2019-11-30,118.55000305175781,1.0,0.0,0.14818404892743642,-0.18768451646758588,0.01813575572449122,0.3694643772605821,0.9675242007219962
2019-12-31,129.6999969482422,0.8741117175899784,0.1258882824100216,0.2734413244119729,-0.22860443017833254,-0.011179622069080075,0.2286045478251284,0.7432537503739698
2020-01-31,102.6500015258789,0.3248731467733078,0.6751268532266922,-0.03068932911399247,0.15879196473517743,0.19775932898788584,0.7491475926231894,1.2903068934124176
2020-02-29,110.0999984741211,0.47614214377499403,0.523857856225006,0.15651262608736904,0.1789282911049921,0.24296101725816177,0.7570390520369756,1.1276112919752697
2020-03-31,119.55000305175781,0.6680204390349318,0.3319795609650682,0.2650793973730985,-0.07193647749044685,0.03304054242919663,0.6227519451924222,0.8937681983869719
2020-04-30,104.6500015258789,0.3654822901199713,0.6345177098800288,0.13935768388024772,-0.002388915397561475,0.33731481039332745,0.9488771521690553,1.126612516070756
2020-05-31,96.30000305175781,0.11508385260109547,0.8849161473989046,-0.07934986179198433,0.25337479878759983,0.6858774762058761,1.4221183033051044,1.401349871979873
2020-06-30,100.05000305175781,0.1988827495694719,0.8011172504305281,-0.07575054917544743,0.2818590313650844,0.592703660599398,1.259870057040875,1.3348325734949733
2020-07-31,118.94999694824219,0.6212290538986553,0.37877094610134465,0.19367782365112274,0.0336275754739237,0.5094578197415511,0.9764607997914696,0.8259773225782492
2020-08-31,129.8000030517578,0.860412099068306,0.13958790093169404,0.3867521919633945,0.054314351972292396,0.49036974114017484,0.804699495319678,0.8420647186593238
2020-09-30,110.94999694824219,0.4197674098821968,0.5802325901178031,0.09688576643131319,0.11311404593920216,0.7485354243903257,1.0405588113904973,0.996845508297852
2020-10-31,104.4000015258789,0.2544379157682188,0.7455620842317812,0.024031433555417703,0.34051719255531876,0.9535440035188756,1.1317049789179516,0.7021072255846041
2020-11-30,120.69999694824219,0.6402366936563695,0.3597633063436305,0.01813575572449122,0.3450705071113924,0.9324772650990272,0.9159072563950699,0.38939520454299803
2020-12-31,128.25,0.8408261771840138,0.15917382281598624,-0.011179622069080075,0.2424951742964181,0.7629630105537282,0.8214425427174707,0.3044834545946029
2021-01-31,122.94999694824219,0.7120290239585227,0.28797097604147726,0.19775932898788584,0.46034979673356413,0.912159511500312,0.7665717961723584,0.4782432249795878
2021-02-28,136.85000610351562,0.9484085382899334,0.051591461710066566,0.24296101725816177,0.41359143821969124,0.7117280931855376,0.7471683992666862,0.39130424117381946
2021-03-31,123.5,0.6553238523371158,0.34467614766288424,0.03304054242919663,0.5708502024291497,0.8331983311456224,0.7939271502166625,0.38056680161943324
2021-04-30,139.9499969482422,0.9132148173964024,0.08678518260359758,0.33731481039332745,0.45730619075089485,0.5902108460499906,0.26973919845072314,0.35655598601926375
2021-05-31,162.35000610351562,1.0,0.0,0.6858774762058761,0.4367107559655894,0.42439169267756727,0.032953437903262994,0.10040029060778566
2021-06-30,159.35000610351562,0.9548192833379792,0.04518071666202084,0.592703660599398,0.41888922148291874,0.4659554261439207,0.049890157789374445,0.010354526722845092
2021-07-31,179.5500030517578,0.7309523809523809,0.2690476190476191,0.5094578197415511,0.3093845842806515,0.20969085634396367,0.012252837153157836,-0.08298529045960701
2021-08-31,193.4499969482422,0.8633332752046131,0.13666672479538688,0.49036974114017484,0.21090723026826375,0.23597834001252105,-0.01576636391766828,-0.21064874976918568
2021-09-30,194.0,0.8685713995070684,0.1314286004929316,0.7485354243903257,0.1670102778169298,0.14201032500906097,-0.12113402061855671,-0.24664951599750318
2021-10-31,203.9499969482422,0.9166289287582498,0.08337107124175025,0.9535440035188756,0.09119885453215226,-0.12870801859664482,-0.06913454795640328,-0.17970087984745253
2021-11-30,233.25,0.9006849094351977,0.09931509056480226,0.9324772650990272,-0.008574490889603381,-0.28102895199038724,-0.23408362745344324,-0.16398713826366562
2021-12-31,226.10000610351562,0.8136118198148187,0.18638818018518133,0.7629630105537282,0.03317116230667527,-0.26006192598171507,-0.2879257158167029,-0.16718267152302413
2022-01-31,235.10000610351562,0.8830364754206139,0.11696352457938608,0.912159511500312,-0.07613785066169665,-0.2269247329582177,-0.29965976341154066,-0.17460655885173948
2022-02-28,234.25,0.8237659615432789,0.17623403845672114,0.7117280931855376,0.020704401722585475,-0.18719319574606452,-0.348132350274313,-0.1639274019060165
2022-03-31,226.39999389648438,0.7655045106937788,0.23449548930622122,0.8331983311456224,-0.021422221623133564,-0.24690810690588283,-0.3544611402979643,-0.16585684101271458
2022-04-30,222.5500030517578,0.7006688860803872,0.29933111391961276,0.5902108460499906,-0.20152777123568488,-0.14693325769416976,-0.24825881483879675,-0.008537448345177334
2022-05-31,231.25,0.7546400805034005,0.24535991949659952,0.42439169267756727,-0.2748108240076014,-0.22745948585304054,-0.1567567567567567,-0.03848646009290535
2022-06-30,233.60000610351562,0.7759167291570076,0.2240832708429924,0.4659554261439207,-0.28381849879908894,-0.3107876892406597,-0.19392124087395757,-0.019905860589801816
2022-07-31,217.1999969482422,0.5189946500600631,0.48100534993993693,0.20969085634396367,-0.16321361623540798,-0.24194292721044675,-0.10658376713513917,0.055248619560798407
2022-08-31,239.10000610351562,0.744525568139246,0.255474431860754,0.23597834001252105,-0.20368051427797595,-0.3613551106220697,-0.18088665368446455,0.03805935011472483
2022-09-30,221.5500030517578,0.4462002062978717,0.5537997937021283,0.14201032500906097,-0.23042203723116927,-0.34032953336343996,-0.14759646354237654,0.2198149233916511
2022-10-31,177.6999969482422,0.08921506069137906,0.9107849393086209,-0.12870801859664482,0.0683737161729514,-0.05852557160996197,0.24169948050563006,0.38379289881533585
2022-11-30,167.6999969482422,0.15319937813131224,0.8468006218686878,-0.28102895199038724,0.06529515293683463,0.16279071883455964,0.32587960733320864,0.9180083467488451
2022-12-31,167.3000030517578,0.1494628635579219,0.8505371364420781,-0.26006192598171507,-0.03765692132001197,0.12552301026260704,0.3684996579313369,0.9112372634032682
2023-01-31,181.75,0.3307121194102442,0.6692878805897557,-0.2269247329582177,-0.09408531556267197,0.06767539505781461,0.26107288554741226,1.0789546415599207
2023-02-28,190.39999389648438,0.46733668341708545,0.5326633165829145,-0.18719319574606452,-0.19800419199981023,0.028624014609970327,0.3035714543309398,0.9908088232347769
2023-03-31,170.5,0.26733674475895103,0.732663255241049,-0.24690810690588283,-0.14281528506460772,0.10762466922883074,0.5850439882697946,1.227272727272727
2023-04-30,189.85000610351562,0.4618091679098618,0.5381908320901382,-0.14693325769416976,-0.11877799487381857,0.16223327259823783,0.29523300495659455,1.178561984759697
2023-05-31,178.64999389648438,0.3492462311557789,0.6507537688442211,-0.22745948585304054,0.0915197686096163,0.24461244724336484,0.8004478303137186,0.9168767081260465
2023-06-30,161.0,0.17185935782427764,0.8281406421757224,-0.3107876892406597,0.1695652363463218,0.4220496704859764,0.9860248447204969,0.90527950310559
2023-07-31,164.64999389648438,0.20854271356783918,0.7914572864321608,-0.24194292721044675,0.17856064527859772,0.3920437621901187,1.294868023749034,0.7965381036025942
2023-08-31,152.6999969482422,0.0924369949934509,0.9075630050065491,-0.3613551106220697,0.2825802882622137,0.6254093117786363,1.4823182407884925,1.5988867978696053
2023-09-30,146.14999389648438,0.02750611144325195,0.972493888556748,-0.34032953336343996,0.29216567903023627,0.8491276858445413,1.5983579600350217,1.564830802312696
2023-10-31,167.3000030517578,0.38141820419366695,0.6185817958063331,-0.05852557160996197,0.31888816420536226,0.46981464083063984,1.4722056100355219,1.343394982913896
2023-11-30,195.0,0.8329258519924967,0.1670741480075033,0.16279071883455964,0.14025644155649042,0.6494871481870994,0.7561539087540063,1.117948717948718
2023-12-31,188.3000030517578,0.6763138303645909,0.3236861696354091,0.12552301026260704,0.2158788807099008,0.6980881296752326,0.6290493628706102,0.8520976863932364
2024-01-31,194.0500030517578,0.7583788341715954,0.24162116582840465,0.06767539505781461,0.1811388474294897,0.9471785630569349,0.5243493076064099,0.7121875535934978
2024-02-29,195.85000610351562,0.786438113904525,0.213561886095475,0.028624014609970327,0.2672963452299164,0.9354096297174666,1.0262956024303742,0.45315290903331196
2024-03-31,188.85000610351562,0.6773188777239552,0.32268112227604484,0.10762466922883074,0.43102987167427487,1.0108551110760624,0.9849086258331734,0.5798252394017875
2024-04-30,220.64999389648438,0.7337883740678264,0.2662116259321736,0.16223327259823783,0.11443462813711092,0.8744618968698079,0.7767958243266251,0.36369817457438236
2024-05-31,222.35000610351562,0.7503657719853403,0.24963422801465973,0.24461244724336484,0.44659314174580844,0.540139432456785,0.857431925626873,0.1945131495965189
2024-06-30,228.9499969482422,0.8147245301356983,0.18527546986430166,0.4220496704859764,0.3965931612232543,0.339812203925671,0.5232583736563252,0.35924881570268363
2024-07-31,229.1999969482422,0.7861163063197435,0.2138836936802565,0.3920437621901187,0.648560258004024,0.29057588015485947,0.44960734914419964,0.4965096185296025
2024-08-31,248.1999969482422,0.8935244388599451,0.10647556114005485,0.6254093117786363,0.5271957794262707,0.5989122118574071,0.1466559613329248,
2024-09-30,270.25,0.9715953782374757,0.02840462176252434,0.8491276858445413,0.4051803885291396,0.3870490512618525,0.10397782091957675,
2024-10-31,245.89999389648438,0.7420543238254175,0.2579456761745825,0.46981464083063984,0.6819846131335299,0.5943472855798793,0.22366816333941486,
2024-11-30,321.6499938964844,0.9693773385950804,0.03062266140491965,0.6494871481870994,0.0646666211883744,0.28400437692193625,-0.17425769891668996,
2024-12-31,319.75,0.8983701233196922,0.10162987668030776,0.6980881296752326,-0.040656763096168835,0.09069585613760744,-0.02673960216722049,
2025-01-31,377.8500061035156,1.0,0.0,0.9471785630569349,-0.21714970751666074,-0.1206828248429962,-0.0922323820049592,
2025-02-28,379.04998779296875,0.7671658862255245,0.2328341137744755,0.9354096297174666,0.04695955384193007,-0.2491755302233125,,
2025-03-31,379.75,0.7606232452932253,0.23937675470677466,1.0108551110760624,-0.012903209733994392,-0.21435153099798387,,
2025-04-30,413.6000061035156,0.8945394396138019,0.10546056038619811,0.8744618968698079,-0.05210352512701211,-0.2724855187231906,,
2025-05-31,342.45001220703125,0.5582780593838412,0.44172194061615877,0.540139432456785,0.2060154337220963,-0.22441233279050155,,
2025-06-30,306.75,0.380159494427357,0.619840505572643,0.339812203925671,0.13691931540342295,0.01450696726008549,,
2025-07-31,295.79998779296875,0.3287992112952257,0.6712007887047743,0.29057588015485947,0.12322519848291114,0.1595673230387915,,
2025-08-31,396.8500061035156,0.7885341225597351,0.2114658774402649,0.5989122118574071,-0.2828524587970407,,,
2025-09-30,374.8500061035156,0.6731309579459357,0.3268690420540643,0.3870490512618525,-0.20408162933009089,,,
2025-10-31,392.04998779296875,0.7609083601267395,0.23909163987326054,0.5943472855798793,-0.23249584679140023,,,
2025-11-30,413.0,0.836953145097102,0.16304685490289805,0.28400437692193625,-0.3569007116137636,,,
2025-12-31,348.75,0.4324835352052958,0.5675164647947042,0.09069585613760744,-0.1076702158938172,,,
2026-01-31,332.25,0.32861196223697203,0.6713880377630279,-0.1206828248429962,0.03235515425131674,,,
2026-02-28,284.6000061035156,0.029875362859570865,0.9701246371404292,-0.2491755302233125,,,,
2026-03-31,298.3500061035156,0.12015768949700505,0.879842310502995,-0.21435153099798387,,,,
2026-04-30,300.8999938964844,0.13690087719491592,0.863099122805084,-0.2724855187231906,,,,
2026-05-31,265.6000061035156,0.0,1.0,-0.22441233279050155,,,,
2026-06-30,311.20001220703125,0.35541374818834875,0.6445862518116512,0.01450696726008549,,,,
2026-07-31,343.0,0.5246076068082691,0.4753923931917309,0.1595673230387915,,,,
