date,price_pos_52w,price_pos_78w,price_pos_104w,stu_wmt,oni_lag0,oni_lag6,oni_lag12,oni_lag15,oni_lag18,oni_lag24,spi3_nolook,flowering_drought_nolook,cot_index,rv_daily,rv_monthly
2008-01-31,,,,,-1.6,-0.47,0.94,0.54,-0.03,-0.84,,,,1.0858082080677254,
2008-02-29,,,,,-1.64,-0.56,0.66,0.77,0.1,-0.85,,,,1.4603530670626235,
2008-03-31,,,,,-1.52,-0.81,0.22,0.94,0.3,-0.77,,,,5.535334059345523,
2008-04-30,,,,,-1.29,-1.07,-0.12,0.94,0.54,-0.57,,,,2.241621632527534,
2008-05-31,,,,,-1.01,-1.34,-0.32,0.66,0.77,-0.37,,,,2.461866417204602,
2008-06-30,,,,,-0.84,-1.5,-0.38,0.22,0.94,-0.14,,,,2.342637716987686,
2008-07-31,,,,,-0.61,-1.6,-0.47,-0.12,0.94,-0.03,,,,1.61180285787949,
2008-08-31,0.3897846931804501,,,,-0.37,-1.64,-0.56,-0.32,0.66,0.1,,,,1.3987883470724722,
2008-09-30,0.08198911416792747,,,,-0.23,-1.52,-0.81,-0.38,0.22,0.3,,,,2.618152234080402,0.12735790255628585
2008-10-31,0.0,,,,-0.24,-1.29,-1.07,-0.47,-0.12,0.54,,,,2.903167677566124,0.14797948563459046
2008-11-30,0.02131779736448807,,,,-0.35,-1.01,-1.34,-0.56,-0.32,0.77,,,,1.578840954779209,0.14807333183350738
2008-12-31,0.0,0.0,,,-0.55,-0.84,-1.5,-0.81,-0.38,0.94,,,,2.6510374982960174,0.14840202931411156
2009-01-31,0.13035200906409788,0.13035200906409788,,,-0.73,-0.61,-1.6,-1.07,-0.47,0.94,,,,3.0493338728295596,0.15192297878807173
2009-02-28,0.0,0.0,,,-0.85,-0.37,-1.64,-1.34,-0.56,0.66,,,,1.5422958098225639,0.12809386325464836
2009-03-31,0.151990434634398,0.114233943896914,,,-0.79,-0.23,-1.52,-1.5,-0.81,0.22,,,,1.2225680621610227,0.06559437418213954
2009-04-30,0.13389634403804618,0.10063467144913626,0.10063467144913626,,-0.61,-0.24,-1.29,-1.6,-1.07,-0.12,,,,1.4930570038347706,0.06265501889962108
2009-05-31,0.6743063692656673,0.5067994978849356,0.5067994978849356,,-0.33,-0.35,-1.01,-1.64,-1.34,-0.32,,,,1.1985270917166024,0.09430282620103028
2009-06-30,0.24191084258147624,0.14233916229123567,0.14233916229123567,,0.01,-0.55,-0.84,-1.52,-1.5,-0.38,,,,2.7209953031709753,0.10503188843252828
2009-07-31,0.5670262944932457,0.3336355117199376,0.3336355117199376,,0.28,-0.73,-0.61,-1.29,-1.6,-0.47,,,,1.3331728274317054,0.10610834132912554
2009-08-31,0.40966031584331947,0.2762365602085353,0.20761564237277846,,0.45,-0.85,-0.37,-1.01,-1.64,-0.56,,,,2.0429914325531646,0.10890363892234861
2009-09-30,0.6565298070513622,0.4427022305074932,0.332728976560124,,0.58,-0.79,-0.23,-0.84,-1.52,-0.81,,,,2.1111058541508116,0.10490591277130713
2009-10-31,0.9320216778555366,0.6284681536716624,0.4723481183550612,,0.71,-0.61,-0.24,-0.61,-1.29,-1.07,,,,1.9488676936043337,0.0877071734349199
2009-11-30,1.0,0.7792522419745941,0.585675388753209,,1.01,-0.33,-0.35,-0.37,-1.01,-1.34,,,,2.3252307099789613,0.0896467331472495
2009-12-31,0.8204333590165971,0.816641062933459,0.48050762648814654,,1.36,0.01,-0.55,-0.23,-0.84,-1.5,,,,1.224644020667253,0.09106341973623251
2010-01-31,0.6888544240799729,0.6856703264252626,0.403445082617406,,1.56,0.28,-0.73,-0.24,-0.61,-1.6,,,0.0,1.2776497859898541,0.08855120362775637
2010-02-28,0.5252337589442173,0.6068112771416273,0.4728590481680799,,1.5,0.45,-0.85,-0.35,-0.37,-1.64,,,0.0,1.0055518816260478,0.08210604813815581
2010-03-31,0.7906539774386683,0.8266252144143105,0.644149551605081,,1.22,0.58,-0.79,-0.55,-0.23,-1.52,,,56.666520615168906,0.8530332270976266,0.08184235474913039
2010-04-30,0.732106181214525,0.7972135469689575,0.6212304438080786,,0.84,0.71,-0.61,-0.73,-0.24,-1.29,,,0.0,0.6755546454257878,0.08184912587865775
2010-05-31,0.6932514954551272,0.7678018795236045,0.598311336011076,,0.35,1.01,-0.33,-0.85,-0.35,-1.01,,,15.744568894234384,0.8673605836467315,0.05022758925409219
2010-06-30,1.0,1.0,1.0,19.698112080742327,-0.17,1.36,0.01,-0.79,-0.55,-0.84,,,100.0,3.2884521486333065,0.06576699859616693
2010-07-31,1.0,1.0,1.0,19.698112080742327,-0.66,1.56,0.28,-0.61,-0.73,-0.61,,,100.0,2.3069965547910507,0.06340532749735603
2010-08-31,1.0,1.0,1.0,19.698112080742327,-1.05,1.5,0.45,-0.33,-0.85,-0.37,,,81.33940024687175,3.735782497668999,0.06028921782161264
2010-09-30,1.0,1.0,1.0,19.698112080742327,-1.35,1.22,0.58,0.01,-0.79,-0.23,,,81.34666118062783,1.9406595172086643,0.05841553822033004
2010-10-31,1.0,1.0,1.0,19.698112080742327,-1.56,0.84,0.71,0.28,-0.61,-0.24,,,84.01384418036159,2.950569096419706,0.06615692094550192
2010-11-30,0.9663978467057626,0.9709808453033214,0.973404255319149,19.698112080742327,-1.64,0.35,1.01,0.45,-0.33,-0.35,,,74.55768811869207,3.2330016659657,0.06427638733193956
2010-12-31,1.0,1.0,1.0,23.921389047891623,-1.64,-0.17,1.36,0.58,0.01,-0.55,0.8416394261681853,0.0,76.82309945058934,1.8865810636383216,0.09481015035062704
2011-01-31,1.0,1.0,1.0,23.921389047891623,-1.54,-0.66,1.56,0.71,0.28,-0.73,0.8416394261681853,0.0,70.9853087107002,1.6495083430144142,0.0941154676102342
2011-02-28,1.0,1.0,1.0,23.921389047891623,-1.31,-1.05,1.5,1.01,0.45,-0.85,0.8416394261681853,0.0,81.63225790836701,1.407461212028613,0.104571817174105
2011-03-31,0.9450708065476574,0.9470731312584163,0.9518186488679284,23.921389047891623,-1.04,-1.35,1.22,1.36,0.58,-0.79,0.8416394261681853,0.0,61.58724011907931,2.3149074886948835,0.10249763561633636
2011-04-30,1.0,1.0,1.0,23.921389047891623,-0.8,-1.56,0.84,1.56,0.71,-0.61,0.8416394261681853,0.0,89.08923687586224,1.6411855831971334,0.1180977107493539
2011-05-31,0.7428783008066553,0.7959483301392618,0.8091183772728617,23.921389047891623,-0.62,-1.64,0.35,1.5,1.01,-0.33,0.8416394261681853,0.0,49.51714790522061,1.4062689092013316,0.13327411773669925
2011-06-30,0.7236895639433769,0.800352323013954,0.8094704447866354,19.698112080742327,-0.46,-1.64,-0.17,1.22,1.36,0.01,0.8416394261681853,0.0,19.800566352832973,2.0199528372025743,0.09272764281861166
2011-07-31,0.5120358909619785,0.6488549502046497,0.6648921181409041,19.698112080742327,-0.37,-1.54,-0.66,0.84,1.56,0.28,0.8416394261681853,0.0,10.37103371493574,1.0614781407761458,0.09813490276811221
2011-08-31,0.9118658664571284,0.9379164165895101,0.9402506568483855,19.698112080742327,-0.43,-1.31,-1.05,0.35,1.5,0.45,0.8416394261681853,0.0,50.066558559430746,1.5446293660111623,0.13347482807886407
2011-09-30,0.28404465800544415,0.5732888576463168,0.586318197624342,19.698112080742327,-0.58,-1.04,-1.35,-0.17,1.22,0.58,0.8416394261681853,0.0,30.256310961589666,2.7286857207855286,0.18678434593535406
2011-10-31,0.2642276176923162,0.5614778529452049,0.574867834070035,19.698112080742327,-0.79,-0.8,-1.56,-0.66,0.84,0.71,0.8416394261681853,0.0,32.94043614008761,3.965512883903268,0.17569331578908362
2011-11-30,0.09461333200697099,0.514983362106564,0.6150910048320095,19.698112080742327,-0.96,-0.62,-1.64,-1.05,0.35,1.01,0.8416394261681853,0.0,33.712515429484235,1.348744613614732,0.1764246938026069
2011-12-31,0.0,0.41080862899690646,0.5742806887797546,17.91416084569123,-1.02,-0.46,-1.64,-1.35,-0.17,1.36,-0.5115274762584184,0.5115274762584184,14.72033303482828,1.56900448267075,0.14505619979814607
2012-01-31,0.0,0.31211749528758054,0.5049911829647047,17.91416084569123,-0.92,-0.37,-1.54,-1.56,-0.66,1.56,-0.5115274762584184,0.5115274762584184,22.51615557760728,1.489962655284601,0.14759568099853804
2012-02-29,0.0,0.17282880754337857,0.41732278224923247,17.91416084569123,-0.72,-0.43,-1.31,-1.64,-1.05,1.5,-0.5115274762584184,0.5115274762584184,0.0,1.0461793870311216,0.13996672662953366
2012-03-31,0.0,0.0,0.29194424691917575,17.91416084569123,-0.57,-0.58,-1.04,-1.64,-1.35,1.22,-0.5115274762584184,0.5115274762584184,2.0171209288595886,2.831505814004955,0.1507219988293537
2012-04-30,0.0,0.0,0.26468803956822895,17.91416084569123,-0.46,-0.79,-0.8,-1.54,-1.56,0.84,-0.5115274762584184,0.5115274762584184,2.9052707842782106,1.72824187338415,0.13569657349364272
2012-05-31,0.0,0.0,0.0,17.91416084569123,-0.36,-0.96,-0.62,-1.31,-1.64,0.35,-0.5115274762584184,0.5115274762584184,5.1693533780112295,1.3331626701190618,0.1309305271691062
2012-06-30,0.07356957033059716,0.06813274243210335,0.06813274243210335,19.195105428063343,-0.17,-1.02,-0.46,-1.04,-1.64,-0.17,-0.5115274762584184,0.5115274762584184,3.0012678862524904,2.8866371629630625,0.1341896083970982
2012-07-31,0.10704553283995201,0.09913481463488262,0.09913481463488262,19.195105428063343,0.06,-0.92,-0.37,-0.8,-1.54,-0.66,-0.5115274762584184,0.5115274762584184,27.212461510595908,2.4294914983323235,0.12435011253111708
2012-08-31,0.05331522443141462,0.028118304340536537,0.028118304340536537,19.195105428063343,0.3,-0.72,-0.43,-0.62,-1.31,-1.05,-0.5115274762584184,0.5115274762584184,0.2807462416228944,0.9377419784038646,0.09238207539138425
2012-09-30,0.17566650027670241,0.0926460344093914,0.0926460344093914,19.195105428063343,0.41,-0.57,-0.58,-0.46,-1.04,-1.35,-0.5115274762584184,0.5115274762584184,21.429809358752166,3.051125697048897,0.040670767357951484
2012-10-31,0.0,0.0,0.0,19.195105428063343,0.41,-0.46,-0.79,-0.37,-0.8,-1.56,-0.5115274762584184,0.5115274762584184,8.892547660311958,2.0780044822885895,0.05382559334595419
2012-11-30,0.0,0.0,0.0,19.195105428063343,0.31,-0.36,-0.96,-0.43,-0.62,-1.64,-0.5115274762584184,0.5115274762584184,1.68555196333846,2.523810579643056,0.06010415231734308
2012-12-31,0.023303591766403096,0.011564605090082909,0.010810791403765898,19.73290515162018,0.13,-0.17,-1.02,-0.58,-0.46,-1.64,-0.28999312633872854,0.28999312633872854,5.467842681816755,3.4948397203990744,0.059334928136667055
2013-01-31,0.07944294536427644,0.032993134998139884,0.03084254909206081,19.73290515162018,-0.1,0.06,-0.92,-0.79,-0.37,-1.54,-0.28999312633872854,0.28999312633872854,26.702030823315233,1.858680730247053,0.05695093778058377
2013-02-28,0.013630431666891672,0.005997686055313362,0.0034975376341414943,19.73290515162018,-0.29,0.3,-0.72,-0.96,-0.43,-1.31,-0.28999312633872854,0.28999312633872854,6.260397375937726,0.7051743335725793,0.054592361698121365
2013-03-31,0.0,0.0,0.0,19.73290515162018,-0.29,0.41,-0.57,-1.02,-0.58,-1.04,-0.28999312633872854,0.28999312633872854,0.4687166020336499,0.9494692200088675,0.04458886767061573
2013-04-30,0.0,0.0,0.0,19.73290515162018,-0.21,0.41,-0.46,-0.92,-0.79,-0.8,-0.28999312633872854,0.28999312633872854,11.48584689608843,1.2731387946458075,0.044226685988401473
2013-05-31,0.0,0.0,0.0,19.73290515162018,-0.19,0.31,-0.36,-0.72,-0.96,-0.62,-0.28999312633872854,0.28999312633872854,12.395798344987632,1.4116189692062946,0.03740553764942381
2013-06-30,0.0,0.0,0.0,21.516935114369296,-0.27,0.13,-0.17,-0.57,-1.02,-0.46,-0.28999312633872854,0.28999312633872854,0.0,1.6151309967769323,0.03739759782549924
2013-07-31,0.0,0.0,0.0,21.516935114369296,-0.34,-0.1,0.06,-0.46,-0.92,-0.37,-0.28999312633872854,0.28999312633872854,21.051447764998727,2.4072981250629115,0.03691206607716171
2013-08-31,0.0,0.0,0.0,21.516935114369296,-0.35,-0.29,0.3,-0.36,-0.72,-0.43,-0.28999312633872854,0.28999312633872854,7.280564634550708,1.228705996462268,0.03670918828778042
2013-09-30,0.03760278839607551,0.024297623556512365,0.013147069958410827,21.516935114369296,-0.28,-0.29,0.41,-0.17,-0.57,-0.58,-0.28999312633872854,0.28999312633872854,6.013950049821607,1.4073811816046253,0.03410494496107318
2013-10-31,0.0,0.0,0.0,21.516935114369296,-0.21,-0.21,0.41,0.06,-0.46,-0.79,-0.28999312633872854,0.28999312633872854,0.0,0.45570046202842424,0.026622672309869824
2013-11-30,0.11672681127446526,0.07028984073029015,0.039934115202282607,21.516935114369296,-0.13,-0.19,0.31,0.3,-0.36,-0.96,-0.28999312633872854,0.28999312633872854,10.601072909046572,1.7496277281995942,0.021483770911401957
2013-12-31,0.12755706392955946,0.07681153635346102,0.048335570894747534,25.155273052076193,-0.1,-0.27,0.13,0.41,-0.17,-1.02,-0.8846304491213594,0.8846304491213594,31.31553279687881,1.5122886005176395,0.021358933763393047
2014-01-31,0.531543610140113,0.2907488379737271,0.2025575137366187,25.155273052076193,-0.15,-0.34,-0.1,0.41,0.06,-0.92,-0.8846304491213594,0.8846304491213594,36.50176786149719,2.373239198313555,0.03604020119534253
2014-02-28,1.0,1.0,0.9656068260360308,25.155273052076193,-0.28,-0.35,-0.29,0.31,0.3,-0.72,-0.8846304491213594,0.8846304491213594,91.36948305291392,9.826203200314966,0.16615349270711113
2014-03-31,0.9744622430604044,0.9744622430604044,0.9744622430604044,25.155273052076193,-0.32,-0.28,-0.29,0.13,0.41,-0.57,-0.8846304491213594,0.8846304491213594,100.0,6.203573577714093,0.16472038022206573
2014-04-30,1.0,1.0,1.0,25.155273052076193,-0.14,-0.21,-0.21,-0.1,0.41,-0.46,-0.8846304491213594,0.8846304491213594,99.97747150808377,7.842925317265733,0.18194384398671842
2014-05-31,0.7383512273168104,0.7383512273168104,0.7383512273168104,25.155273052076193,0.15,-0.13,-0.19,-0.29,0.31,-0.36,-0.8846304491213594,0.8846304491213594,94.7663502317459,4.899171615509967,0.19639022625570754
2014-06-30,0.6922682787281468,0.6922682787281468,0.6922682787281468,21.742603750592377,0.31,-0.1,-0.27,-0.29,0.13,-0.17,-0.8846304491213594,0.8846304491213594,92.7981512847783,2.541074519249248,0.19379048514328714
2014-07-31,0.918074758064598,0.918074758064598,0.918074758064598,21.742603750592377,0.23,-0.15,-0.34,-0.21,-0.1,0.06,-0.8846304491213594,0.8846304491213594,91.67290345452398,3.881129916788533,0.2080442155774448
2014-08-31,0.9252431854819461,0.9252431854819461,0.9252431854819461,21.742603750592377,0.1,-0.28,-0.35,-0.19,-0.29,0.3,-0.8846304491213594,0.8846304491213594,95.81806961568256,2.5458796717232053,0.20488001809762016
2014-09-30,0.9006656754053245,0.9006656754053245,0.9006656754053245,21.742603750592377,0.11,-0.32,-0.28,-0.27,-0.29,0.41,-0.8846304491213594,0.8846304491213594,90.79318811465184,3.446160891843544,0.2048313548190422
2014-10-31,0.8378232483099823,0.8458781073570254,0.8458781073570254,21.742603750592377,0.28,-0.14,-0.21,-0.34,-0.21,0.41,-0.8846304491213594,0.8846304491213594,90.02198416631721,3.474513298918079,0.19987297363211687
2014-11-30,0.8224146391837749,0.8320531602764274,0.8320531602764274,21.742603750592377,0.54,0.15,-0.13,-0.35,-0.19,0.31,-0.8846304491213594,0.8846304491213594,87.43979769483944,2.220835934887587,0.1979010035725382
2014-12-31,0.5317919834228998,0.6267281476838245,0.6267281476838245,24.72092015064893,0.71,0.31,-0.1,-0.28,-0.27,0.13,-1.3987994375127544,1.3987994375127544,69.93887639307181,1.3879512135842345,0.2107983264797571
2015-01-31,0.0,0.5785969430387773,0.5785969430387773,24.72092015064893,0.77,0.23,-0.15,-0.21,-0.34,-0.1,-1.3987994375127544,1.3987994375127544,64.00315148742582,3.324004102891616,0.1964664470270619
2015-02-28,0.0,0.3210445262083566,0.3210445262083566,24.72092015064893,0.69,0.1,-0.28,-0.13,-0.35,-0.29,-1.3987994375127544,1.3987994375127544,47.451488696580384,3.2727394965505203,0.09397283613175729
2015-03-31,0.0,0.28161794102294513,0.28161794102294513,24.72092015064893,0.61,0.11,-0.32,-0.1,-0.28,-0.29,-1.3987994375127544,1.3987994375127544,26.7507910487591,5.30275315515414,0.09467550774318736
2015-04-30,0.05807492125397372,0.28340519597924346,0.3189964264119712,24.72092015064893,0.65,0.28,-0.14,-0.15,-0.21,-0.21,-1.3987994375127544,1.3987994375127544,32.297663070412874,2.5643517046102606,0.0779246295461061
2015-05-31,0.0,0.16729836011400706,0.21249359626994885,24.72092015064893,0.81,0.54,0.15,-0.28,-0.13,-0.19,-1.3987994375127544,1.3987994375127544,15.00641734334693,2.2868395256667142,0.06611499157227048
2015-06-30,0.06465506421352396,0.07000637791852476,0.25857646672861334,21.356409631375097,1.02,0.71,0.31,-0.32,-0.1,-0.27,-1.3987994375127544,1.3987994375127544,24.37955091304182,1.8144467341288464,0.06668410038138838
2015-07-31,0.0,0.0,0.2032769909262163,21.356409631375097,1.25,0.77,0.23,-0.14,-0.15,-0.34,-1.3987994375127544,1.3987994375127544,10.40372078838016,1.1025637053080186,0.054074354836963656
2015-08-31,0.0,0.0,0.15514594254116715,21.356409631375097,1.57,0.69,0.1,0.15,-0.28,-0.35,-1.3987994375127544,1.3987994375127544,20.790921682995947,3.3168097188545778,0.05552436279212839
2015-09-30,0.01186057017878255,0.009696914210464185,0.16333841985670802,21.356409631375097,1.91,0.61,0.11,0.31,-0.32,-0.28,-1.3987994375127544,1.3987994375127544,11.46861855565298,2.260276255319887,0.05541592768600141
2015-10-31,0.006051345716885444,0.00531906798825679,0.11530168746087689,21.356409631375097,2.21,0.65,0.28,0.23,-0.14,-0.21,-1.3987994375127544,1.3987994375127544,21.19121141651735,2.224640964069689,0.054639460489533075
2015-11-30,0.0,0.0,0.06713594117890026,21.356409631375097,2.47,0.81,0.54,0.1,0.15,-0.13,-1.3987994375127544,1.3987994375127544,14.856467538408753,2.2814654560789007,0.05574749252737069
2015-12-31,0.2177777129750086,0.12428656451502273,0.11375502320124092,24.747246521478143,2.64,1.02,0.71,0.11,0.31,-0.1,-1.2909020116664998,1.2909020116664998,19.614196942548897,1.5053235474225468,0.049314340130412436
2016-01-31,0.0,0.0,0.0,24.747246521478143,2.75,1.25,0.77,0.28,0.23,-0.15,-1.2909020116664998,1.2909020116664998,8.03883445795687,1.742150438788037,0.055757720447694004
2016-02-29,0.0,0.0,0.0,24.747246521478143,2.63,1.57,0.69,0.54,0.1,-0.28,-1.2909020116664998,1.2909020116664998,25.529589671254115,1.7228653022736928,0.028300449768202535
2016-03-31,0.6192466308563985,0.19641666519006426,0.16371676075831132,24.747246521478143,2.28,1.91,0.61,0.71,0.11,-0.32,-1.2909020116664998,1.2909020116664998,71.26428017739825,1.8148567526550452,0.04272196285888757
2016-04-30,0.45555557910307953,0.11081078099542366,0.09867625871011082,24.747246521478143,1.71,2.21,0.65,0.77,0.28,-0.14,-1.2909020116664998,1.2909020116664998,48.560863100911135,1.481772837103246,0.0448153562963723
2016-05-31,0.4944447387884932,0.16496757684369331,0.10709989999158087,24.747246521478143,1.05,2.47,0.81,0.69,0.54,0.15,-1.2909020116664998,1.2909020116664998,33.90771733191008,1.2513750695408035,0.03857303524501683
2016-06-30,1.0,0.638578872073236,0.37845974915909103,20.88709998275931,0.49,2.64,1.02,0.61,0.71,0.31,-1.2909020116664998,1.2909020116664998,76.89121014575629,3.108330723513127,0.06630636634019194
2016-07-31,1.0,1.0,0.4037303975740912,20.88709998275931,0.0,2.75,1.25,0.65,0.77,0.23,-1.2909020116664998,1.2909020116664998,82.8180397239907,1.748532615420009,0.06473398738651893
2016-08-31,0.9910580300241162,0.9910580300241162,0.4120197086063065,20.88709998275931,-0.31,2.63,1.57,0.81,0.69,0.1,-1.2909020116664998,1.2909020116664998,82.17249310612125,0.9237551466698339,0.06327536534062102
2016-09-30,1.0,1.0,0.5162574958676222,20.88709998275931,-0.5,2.28,1.91,1.02,0.61,0.11,-1.2909020116664998,1.2909020116664998,97.5499115491534,1.2575251075516556,0.06467517650235845
2016-10-31,1.0,1.0,0.6959459145979919,20.88709998275931,-0.58,1.71,2.21,1.25,0.65,0.28,-1.2909020116664998,1.2909020116664998,100.0,1.0636644544342353,0.07104269075757369
2016-11-30,0.6766990997461263,0.6766990997461263,0.645968406248608,20.88709998275931,-0.64,1.05,2.47,1.57,0.81,0.54,-1.2909020116664998,1.2909020116664998,81.69573019232539,2.022066415862512,0.08132154338882512
2016-12-31,0.4737865075841378,0.4737865075841378,0.4737865075841378,21.733059280284493,-0.6,0.49,2.64,1.91,1.02,0.71,-0.41427386163204094,0.41427386163204094,46.12128462317107,1.5437721842140877,0.08024043405788707
2017-01-31,0.7165049901432652,0.7165049901432652,0.7165049901432652,21.733059280284493,-0.45,0.0,2.75,2.21,1.25,0.77,-0.41427386163204094,0.41427386163204094,64.39104628692371,0.8692590496545137,0.08059678861549466
2017-02-28,0.4584295744259849,0.544660185976519,0.544660185976519,21.733059280284493,-0.19,-0.31,2.63,2.47,1.57,0.69,-0.41427386163204094,0.41427386163204094,49.507683813379955,1.1443167193177206,0.0832734927376603
2017-03-31,0.426097148456228,0.5174758344447807,0.5174758344447807,21.733059280284493,-0.02,-0.5,2.28,2.64,1.91,0.61,-0.41427386163204094,0.41427386163204094,32.21565289408301,0.47226453736905843,0.06813644840700647
2017-04-30,0.2230047427621927,0.3572816359557566,0.3572816359557566,21.733059280284493,0.18,-0.58,1.71,2.75,2.21,0.65,-0.41427386163204094,0.41427386163204094,25.332428453114936,1.4761071865538489,0.06903619126877314
2017-05-31,0.0,0.3242719815851573,0.3242719815851573,21.733059280284493,0.31,-0.64,1.05,2.63,2.47,0.81,-0.41427386163204094,0.41427386163204094,12.969310757338732,1.4396491714634634,0.06917331852821065
2017-06-30,0.0,0.22135928572264496,0.22135928572264496,21.5678065551517,0.4,-0.6,0.49,2.28,2.64,1.02,-0.41427386163204094,0.41427386163204094,0.0,2.2682940067550255,0.04196181991008756
2017-07-31,0.37905237951547077,0.5165049012571022,0.5165049012571022,21.5678065551517,0.39,-0.45,0.0,1.71,2.75,1.25,-0.41427386163204094,0.41427386163204094,21.00051123776343,1.342100464447209,0.055112654134186034
2017-08-31,0.10224418405985132,0.1685911361226849,0.30097077022971297,21.5678065551517,0.19,-0.19,-0.31,1.05,2.63,1.57,-0.41427386163204094,0.41427386163204094,19.241474636926515,1.2833648452648918,0.06200897220338067
2017-09-30,0.09975064621557243,0.16628187849456702,0.29902920014156603,21.5678065551517,-0.07,-0.02,-0.5,0.49,2.28,1.91,-0.41427386163204094,0.41427386163204094,29.93675799519058,1.370658159391309,0.0605660215014923
2017-10-31,0.04117629107307039,0.08333324378643023,0.2417475493714489,21.5678065551517,-0.34,0.18,-0.58,0.0,1.71,2.21,-0.41427386163204094,0.41427386163204094,0.4430727283055308,0.9217042394472019,0.05473084232131134
2017-11-30,0.08823529411764701,0.05610973849625929,0.26504861258328793,21.5678065551517,-0.6,0.31,-0.64,-0.31,1.05,2.47,-0.41427386163204094,0.41427386163204094,6.8342115184786705,0.9461775936688182,0.04338315832035994
2017-12-31,0.08431348613664322,0.053615820133463755,0.2631067462079314,18.46852815901562,-0.77,0.4,-0.6,-0.5,0.49,2.64,-1.3488249203954021,1.3488249203954021,0.0,1.273495696697317,0.03798413285203365
2018-01-31,0.0,0.0,0.17864074390607576,18.46852815901562,-0.86,0.39,-0.45,-0.58,0.0,2.75,-1.3488249203954021,1.3488249203954021,8.442115610499746,1.0712905146922789,0.031595875568266076
2018-02-28,0.0,0.0,0.004619043851755411,18.46852815901562,-0.77,0.19,-0.19,-0.64,-0.31,2.63,-1.3488249203954021,1.3488249203954021,3.2980398363892336,0.8374223025314196,0.027918159620874326
2018-03-31,0.0,0.0,0.0,18.46852815901562,-0.71,-0.07,-0.02,-0.6,-0.5,2.28,-1.3488249203954021,1.3488249203954021,0.5398155630159696,0.5195284108815591,0.02840615789212932
2018-04-30,0.11848342089058543,0.07961783052588636,0.05434783510089296,18.46852815901562,-0.57,-0.34,0.18,-0.45,-0.58,1.71,-1.3488249203954021,1.3488249203954021,7.183654197636164,0.6622375920466459,0.02511737229057752
2018-05-31,0.2630329774274771,0.17675143798286638,0.12065209441012445,18.46852815901562,-0.39,-0.6,0.31,-0.19,-0.64,1.05,-1.3488249203954021,1.3488249203954021,20.436060679907396,1.3251145362534618,0.025570160807878953
2018-06-30,0.0,0.0,0.0,20.103174894925804,-0.13,-0.77,0.4,-0.02,-0.6,0.49,-1.3488249203954021,1.3488249203954021,3.096442061654685,0.5206135963765258,0.034601445152442206
2018-07-31,0.0,0.0,0.0,20.103174894925804,0.06,-0.86,0.39,0.18,-0.45,0.0,-1.3488249203954021,1.3488249203954021,0.0,2.0423273954797114,0.02145019834663494
2018-08-31,0.0,0.0,0.0,20.103174894925804,0.14,-0.77,0.19,0.31,-0.19,-0.31,-1.3488249203954021,1.3488249203954021,3.025182797767943,1.3395329047853097,0.02745087788540907
2018-09-30,0.15425523999988155,0.10571077309402842,0.06585917904012875,20.103174894925804,0.27,-0.71,-0.07,0.4,-0.02,-0.5,-1.3488249203954021,1.3488249203954021,2.2939503483557493,2.0125104078979263,0.029332743223106014
2018-10-31,0.5177303583028233,0.35479946373608967,0.28377059621229167,20.103174894925804,0.53,-0.57,-0.34,0.39,0.18,-0.58,-1.3488249203954021,1.3488249203954021,51.4281709717169,2.4747668329529025,0.037881996902190865
2018-11-30,0.18327408560615532,0.12515191579373602,0.10009720248144367,20.103174894925804,0.81,-0.39,-0.6,0.19,0.31,-0.64,-1.3488249203954021,1.3488249203954021,48.640156979086974,3.1947876478988344,0.04546044258222145
2018-12-31,0.14648438373114958,0.09113000877148583,0.07288629089121552,22.65188979699124,0.97,-0.13,-0.77,-0.07,0.4,-0.6,1.017169494769971,0.0,30.184018267506847,3.1407519399555994,0.04564619506381751
2019-01-31,0.30468763737008775,0.2595675287841485,0.18309866974516925,22.65188979699124,0.92,0.06,-0.86,-0.34,0.39,-0.45,1.017169494769971,0.0,29.503658757365695,1.6979030868130527,0.04593633092572769
2019-02-28,0.0,0.0,0.0,22.65188979699124,0.89,0.14,-0.77,-0.6,0.19,-0.19,1.017169494769971,0.0,19.94767363767498,1.3348132231898255,0.05723846291548697
2019-03-31,0.0,0.0,0.0,22.65188979699124,0.86,0.27,-0.71,-0.77,-0.07,-0.02,1.017169494769971,0.0,17.469179422190816,1.0522052493699021,0.056704929360059206
2019-04-30,0.0,0.0,0.0,22.65188979699124,0.84,0.53,-0.57,-0.86,-0.34,0.18,1.017169494769971,0.0,20.61927315412333,2.1628668007809604,0.05707550300323704
2019-05-31,0.6115108361194953,0.37117905578964444,0.2689873331130359,22.65188979699124,0.77,0.81,-0.39,-0.77,-0.6,0.31,1.017169494769971,0.0,26.96442858561142,2.3732346838591827,0.07334878240344142
2019-06-30,0.786570874153036,0.5149137303477205,0.3459915822349715,19.97689362132933,0.64,0.97,-0.13,-0.71,-0.77,0.4,1.017169494769971,0.0,47.382221884800245,3.5704485603331886,0.06374362331826486
2019-07-31,0.37410089316980666,0.24489806673289177,0.21487614422541984,19.97689362132933,0.52,0.92,0.06,-0.57,-0.86,0.39,1.017169494769971,0.0,48.90178879071207,2.4746856136688775,0.0703871267450523
2019-08-31,0.08393285985953858,0.05494505757737845,0.048342535323354564,19.97689362132933,0.33,0.89,0.14,-0.39,-0.77,0.19,1.017169494769971,0.0,35.68412630742906,1.4687119488397837,0.061408889480925107
2019-09-30,0.4460433444779826,0.29199383037064475,0.2699565113496365,19.97689362132933,0.19,0.86,0.27,-0.13,-0.71,-0.07,1.017169494769971,0.0,37.00688535504254,1.324074223487991,0.0655441731483102
2019-10-31,0.6158535081953189,0.3171114272525821,0.29317843634417234,19.97689362132933,0.23,0.84,0.53,0.06,-0.57,-0.34,1.017169494769971,0.0,30.160658284326036,1.6047941604587417,0.05651374424541299
2019-11-30,1.0,1.0,0.7772927442122648,19.97689362132933,0.39,0.77,0.81,0.14,-0.39,-0.6,1.017169494769971,0.0,80.72062721777304,3.2390178404724352,0.07160059795945749
2019-12-31,1.0,1.0,1.0,21.024158306333813,0.58,0.64,0.97,0.27,-0.13,-0.77,-1.8183554998048912,1.8183554998048912,98.73104441344552,4.230119152128384,0.07949429159889734
2020-01-31,0.28533694814127986,0.28533694814127986,0.28533694814127986,21.024158306333813,0.66,0.52,0.92,0.53,0.06,-0.86,-1.8183554998048912,1.8183554998048912,84.38104666336679,1.8773892434505333,0.13268244854529798
2020-02-29,0.48216646593732204,0.48216646593732204,0.48216646593732204,21.024158306333813,0.64,0.33,0.89,0.81,0.14,-0.77,-1.8183554998048912,1.8183554998048912,61.70119760094111,2.9324802365457265,0.12624587330502232
2020-03-31,0.7318363459532456,0.7318363459532456,0.7318363459532456,21.024158306333813,0.63,0.19,0.86,0.97,0.27,-0.71,-1.8183554998048912,1.8183554998048912,85.20580351116283,8.770165381972609,0.1329722203838575
2020-04-30,0.3060942802997401,0.3381771087919453,0.3381771087919453,21.024158306333813,0.53,0.23,0.84,0.92,0.53,-0.57,-1.8183554998048912,1.8183554998048912,81.45293486156557,2.886419698547238,0.1498823528025254
2020-05-31,0.07479237373298643,0.11756947838926002,0.11756947838926002,21.024158306333813,0.3,0.39,0.77,0.89,0.81,-0.39,-1.8183554998048912,1.8183554998048912,75.94769897339307,1.791682096752096,0.1399002399061703
2020-06-30,0.17867049446720895,0.2166447796092577,0.2166447796092577,24.94407158836689,0.01,0.58,0.64,0.86,0.97,-0.13,-1.8183554998048912,1.8183554998048912,55.5126284865744,1.021522630555124,0.14018313459747472
2020-07-31,0.7022160538952291,0.7159841365026737,0.7159841365026737,24.94407158836689,-0.23,0.66,0.52,0.84,0.92,0.06,-1.8183554998048912,1.8183554998048912,67.99069175436003,3.798432678331215,0.16327118174090177
2020-08-31,1.0,1.0,1.0,24.94407158836689,-0.36,0.64,0.33,0.77,0.89,0.14,-1.8183554998048912,1.8183554998048912,94.44012316711772,2.0523751184863532,0.16696802836189906
2020-09-30,0.4373132506413253,0.5032937067253058,0.5032937067253058,24.94407158836689,-0.53,0.63,0.19,0.64,0.86,0.27,-1.8183554998048912,1.8183554998048912,89.9609640710123,3.178046877991255,0.18557265191456607
2020-10-31,0.24179099922749567,0.29834258801253666,0.330698327745481,24.94407158836689,-0.85,0.53,0.23,0.52,0.84,0.53,-1.8183554998048912,1.8183554998048912,75.13221352714437,0.8912655408288344,0.1892133049902385
2020-11-30,0.7283580267607281,0.748618647713174,0.7602106717826831,24.94407158836689,-1.12,0.3,0.39,0.33,0.77,0.81,-1.8183554998048912,1.8183554998048912,77.56751622411649,2.9975542375780546,0.1875046129511087
2020-12-31,0.9537312521863339,0.9571822415537661,0.9591567097551498,24.991233267633223,-1.2,0.01,0.58,0.19,0.64,0.97,-1.7615063518649543,1.7615063518649543,80.66710380370505,1.3068504425011445,0.1831057985539765
2021-01-31,0.7955222058652057,0.8107733359860584,0.8194992021805394,24.991233267633223,-1.08,-0.23,0.66,0.23,0.52,0.92,-1.7615063518649543,1.7615063518649543,82.27205039740659,1.3320474577963441,0.13017825439358668
2021-02-28,1.0,1.0,1.0,24.991233267633223,-0.91,-0.36,0.64,0.39,0.33,0.89,-1.7615063518649543,1.7615063518649543,88.84074934276242,1.5038869841900813,0.13674137546211082
2021-03-31,0.6707766930010894,0.6707766930010894,0.7033332479971571,24.991233267633223,-0.79,-0.53,0.63,0.58,0.19,0.86,-1.7615063518649543,1.7615063518649543,74.53104796455513,1.8901108066136516,0.14049642012596283
2021-04-30,1.0,1.0,1.0,24.991233267633223,-0.71,-0.85,0.53,0.66,0.23,0.84,-1.7615063518649543,1.7615063518649543,90.25449954958545,1.5620753264303222,0.1384132926752636
2021-05-31,1.0,1.0,1.0,24.991233267633223,-0.55,-1.12,0.3,0.64,0.39,0.77,-1.7615063518649543,1.7615063518649543,94.2346935648934,3.1619971051492137,0.15354199798765547
2021-06-30,0.9482312379116236,0.9545798658381719,0.9563636412060945,19.408259633511346,-0.39,-1.2,0.01,0.63,0.58,0.64,-1.7615063518649543,1.7615063518649543,91.89866591495438,1.5114811568763418,0.1524305018167226
2021-07-31,1.0,1.0,1.0,19.408259633511346,-0.3,-1.08,-0.23,0.53,0.66,0.52,-1.7615063518649543,1.7615063518649543,93.01213974494893,10.514148402600371,0.13673462103674797
2021-08-31,1.0,1.0,1.0,19.408259633511346,-0.35,-0.91,-0.36,0.3,0.64,0.33,-1.7615063518649543,1.7615063518649543,92.78662605786144,1.3129272201562476,0.13467478278808362
2021-09-30,1.0,1.0,1.0,19.408259633511346,-0.45,-0.79,-0.53,0.01,0.63,0.19,-1.7615063518649543,1.7615063518649543,94.11596561050156,1.1346256193419255,0.11006046139582609
2021-10-31,1.0,1.0,1.0,19.408259633511346,-0.63,-0.71,-0.85,-0.23,0.53,0.23,-1.7615063518649543,1.7615063518649543,99.85111806700414,3.038505840711078,0.10885941664701879
2021-11-30,1.0,1.0,1.0,19.408259633511346,-0.76,-0.55,-1.12,-0.36,0.3,0.39,-1.7615063518649543,1.7615063518649543,99.35449353103851,3.209280665999086,0.10583097152263604
2021-12-31,0.9351768477002734,0.9445091658427885,0.947791208062702,18.190971843117275,-0.91,-0.39,-1.2,-0.53,0.01,0.58,1.9597578590947664,0.0,93.0571575480482,2.031090932231123,0.10311900301091602
2022-01-31,1.0,1.0,1.0,18.190971843117275,-0.87,-0.3,-1.08,-0.85,-0.23,0.66,1.9597578590947664,0.0,95.75591656359872,1.6287214553272849,0.10286146731835359
2022-02-28,0.9923834582703592,0.9934965105298778,0.9938760368528331,18.190971843117275,-0.82,-0.35,-0.91,-1.12,-0.36,0.64,1.9597578590947664,0.0,98.27540682888868,1.6490082288738865,0.09140251947614514
2022-03-31,0.9085653035215812,0.9334352570595105,0.9373197981574467,18.190971843117275,-0.79,-0.45,-0.79,-1.2,-0.53,0.63,1.9597578590947664,0.0,75.76606122931113,2.203120701441287,0.08202849046944706
2022-04-30,0.8343233920560028,0.8902971849003626,0.9095821125661073,18.190971843117275,-0.86,-0.63,-0.71,-1.08,-0.85,0.53,1.9597578590947664,0.0,78.49886741060882,1.8900081193705882,0.06668665331023683
2022-05-31,0.9491748369172859,0.9656709247505704,0.9714919954349048,18.190971843117275,-0.95,-0.76,-0.55,-0.91,-1.12,0.3,1.9597578590947664,0.0,79.4799352878507,4.384006286747541,0.04611404371135137
2022-06-30,0.9729973012134239,0.986625056820787,0.9885233362856618,20.775862068965516,-0.9,-0.91,-0.39,-0.79,-1.2,0.01,1.9597578590947664,0.0,80.36380854673874,2.5550759945649633,0.04586839717671417
2022-07-31,0.5702279658921264,0.8396056615026518,0.8630450762942347,20.775862068965516,-0.78,-0.87,-0.3,-0.71,-1.08,-0.23,1.9597578590947664,0.0,69.4574438701022,3.9509056583580215,0.03692244952788461
2022-08-31,1.0,1.0,1.0,20.775862068965516,-0.76,-0.82,-0.35,-0.55,-0.91,-0.36,1.9597578590947664,0.0,88.43704375961804,2.760639083490097,0.040590624031256406
2022-09-30,0.5007112807785761,0.822995446987063,0.8697104494778058,20.775862068965516,-0.87,-0.79,-0.45,-0.39,-0.79,-0.53,1.9597578590947664,0.0,83.31768141104052,1.7165647134316226,0.04639412360471271
2022-10-31,0.0,0.2300939290874805,0.4814188816932306,20.775862068965516,-0.97,-0.86,-0.63,-0.3,-0.71,-0.85,1.9597578590947664,0.0,43.71014030612245,3.2460544302422925,0.09253545951829056
2022-11-30,0.0,0.10470207955769988,0.385277627831924,20.775862068965516,-0.94,-0.95,-0.76,-0.35,-0.55,-1.12,1.9597578590947664,0.0,3.5443008794476656,4.418452867472632,0.07787089299750766
2022-12-31,0.0,0.0,0.3818338580088011,20.312602340051804,-0.85,-0.9,-0.91,-0.45,-0.39,-1.2,0.5192360896805159,0.0,10.06581449763137,2.7159172801190397,0.07690730497972151
2023-01-31,0.20125343083656635,0.20125343083656635,0.5038927069591955,20.312602340051804,-0.71,-0.78,-0.87,-0.63,-0.3,-1.08,0.5192360896805159,0.0,28.624287274050708,3.6077764269345947,0.08224672884972793
2023-02-28,0.3217268783132881,0.3217268783132881,0.5787196398292392,20.312602340051804,-0.54,-0.76,-0.82,-0.76,-0.35,-0.91,0.5192360896805159,0.0,53.386711957620605,3.676297171097042,0.08439539212505343
2023-03-31,0.044568200727448944,0.044568200727448944,0.30811901392681795,20.312602340051804,-0.29,-0.87,-0.79,-0.91,-0.45,-0.79,0.5192360896805159,0.0,51.82376966314853,2.2616963913254438,0.0954199119677347
2023-04-30,0.31406688152230827,0.31406688152230827,0.3824451410658305,20.312602340051804,-0.02,-0.97,-0.86,-0.87,-0.63,-0.71,0.5192360896805159,0.0,76.31323547252214,2.5538563801467142,0.10668177741893309
2023-05-31,0.15807786019932063,0.15807786019932063,0.242006116526254,20.312602340051804,0.27,-0.94,-0.95,-0.82,-0.76,-0.55,0.5192360896805159,0.0,60.46443446965102,1.2746051174478463,0.10890858299296967
2023-06-30,0.0,0.0,0.0,18.70142686788108,0.57,-0.85,-0.9,-0.79,-0.91,-0.39,0.5192360896805159,0.0,41.47458449593594,2.4568873745020974,0.11962738381176691
2023-07-31,0.0467348733833207,0.0467348733833207,0.0467348733833207,18.70142686788108,0.84,-0.71,-0.78,-0.86,-0.87,-0.3,0.5192360896805159,0.0,26.270775203202717,1.9793194473179594,0.1148313008687443
2023-08-31,0.0,0.0,0.0,18.70142686788108,1.12,-0.54,-0.76,-0.95,-0.82,-0.35,0.5192360896805159,0.0,8.161470338469003,1.4261975264417694,0.11128027545307292
2023-09-30,0.0,0.0,0.0,18.70142686788108,1.37,-0.29,-0.87,-0.9,-0.79,-0.45,0.5192360896805159,0.0,18.953455457155567,2.9404704750692066,0.10739081380715035
2023-10-31,0.47796630859374967,0.22754175769407312,0.22754175769407312,18.70142686788108,1.6,-0.02,-0.97,-0.78,-0.86,-0.63,0.5192360896805159,0.0,55.15892272230984,1.9870822576131695,0.07701473015945058
2023-11-30,1.0,0.5255513683495822,0.5255513683495822,18.70142686788108,1.83,0.27,-0.94,-0.76,-0.95,-0.76,0.5192360896805159,0.0,69.27089651825791,3.6286323317903717,0.09713358574233115
2023-12-31,0.862845524849177,0.4534696462587984,0.4534696462587984,15.651327433628316,1.99,0.57,-0.85,-0.87,-0.9,-0.91,-2.1988036183796584,2.1988036183796584,85.34311941445267,5.312045340279648,0.09835030191148685
2024-01-31,0.9805527772866784,0.515330853841997,0.515330853841997,15.651327433628316,2.06,0.84,-0.71,-0.97,-0.78,-0.87,-2.1988036183796584,2.1988036183796584,94.00905819078814,2.331398919199131,0.09239202965444239
2024-02-29,1.0,0.6591512754949742,0.5346961342655063,15.651327433628316,1.92,1.12,-0.54,-0.94,-0.76,-0.82,-2.1988036183796584,2.1988036183796584,87.28416029762627,1.5387719843904384,0.09031549936738917
2024-03-31,0.8591549641710211,0.8591549641710211,0.4593868380772646,15.651327433628316,1.62,1.37,-0.29,-0.85,-0.87,-0.79,-2.1988036183796584,2.1988036183796584,90.73355170043268,1.5208024341353261,0.07945382080738354
2024-04-30,1.0,1.0,0.8015060808605732,15.651327433628316,1.26,1.6,-0.02,-0.71,-0.97,-0.86,-2.1988036183796584,2.1988036183796584,97.19635260509256,3.872412371991744,0.09211680545117513
2024-05-31,1.0,1.0,0.8197956126924215,15.651327433628316,0.82,1.83,0.27,-0.54,-0.94,-0.95,-2.1988036183796584,2.1988036183796584,86.0215624364315,3.523659027862786,0.08847837014861586
2024-06-30,1.0,1.0,0.8908014220303071,15.110704783337436,0.49,1.99,0.57,-0.29,-0.85,-0.9,-2.1988036183796584,2.1988036183796584,93.2252558217694,2.73554312860532,0.07851295307780994
2024-07-31,1.0,1.0,0.8934910397513157,15.110704783337436,0.22,2.06,0.84,-0.02,-0.71,-0.78,-2.1988036183796584,2.1988036183796584,84.48442074168413,2.59848986443518,0.07801159502014346
2024-08-31,1.0,1.0,1.0,15.110704783337436,0.08,1.92,1.12,0.27,-0.54,-0.76,-2.1988036183796584,2.1988036183796584,87.0306986123272,3.096696186910018,0.07867696974893153
2024-09-30,1.0,1.0,1.0,15.110704783337436,-0.07,1.62,1.37,0.57,-0.29,-0.87,-2.1988036183796584,2.1988036183796584,89.96524184775399,2.556390980104413,0.08399902537381657
2024-10-31,0.702867516652935,0.8037872287999365,0.8037872287999365,15.110704783337436,-0.17,1.26,1.6,0.84,-0.02,-0.97,-2.1988036183796584,2.1988036183796584,85.51124554467705,2.1490621302220423,0.07464771822725821
2024-11-30,1.0,1.0,1.0,15.110704783337436,-0.21,0.82,1.83,1.12,0.27,-0.94,-2.1988036183796584,2.1988036183796584,90.87443728055048,3.0900082791566845,0.1232873522231098
2024-12-31,0.985692815729423,0.989173823951656,0.989173823951656,12.415586270088236,-0.3,0.49,1.99,1.37,0.57,-0.85,0.7233204397497589,0.0,85.92869714417115,3.5225025908527616,0.12210003354895001
2025-01-31,1.0,1.0,1.0,12.415586270088236,-0.42,0.22,2.06,1.6,0.84,-0.71,0.7233204397497589,0.0,93.975253610691,1.5684744651886564,0.14907019134782157
2025-02-28,1.0,1.0,1.0,12.415586270088236,-0.45,0.08,1.92,1.83,1.12,-0.54,0.7233204397497589,0.0,87.65245385479406,3.9676007832843263,0.1489949929008801
2025-03-31,1.0,1.0,1.0,12.415586270088236,-0.24,-0.07,1.62,1.99,1.37,-0.29,0.7233204397497589,0.0,84.86207293020952,2.5038139460754927,0.14767372758549635
2025-04-30,1.0,1.0,1.0,12.415586270088236,-0.06,-0.17,1.26,2.06,1.6,-0.02,0.7233204397497589,0.0,74.8697674829968,3.9213437637933235,0.1307455057370536
2025-05-31,0.6146764669984183,0.6841988773513723,0.7339690011253107,12.415586270088236,0.02,-0.21,0.82,1.92,1.83,0.27,0.7233204397497589,0.0,68.28075388928688,2.0324505849261043,0.16632208696251596
2025-06-30,0.4205531410058504,0.5245828426984845,0.6004860675766066,13.47342689961798,-0.02,-0.3,0.49,1.62,1.99,0.57,0.7233204397497589,0.0,58.92523901757365,2.2818356274736424,0.177586856492861
2025-07-31,0.2975550999655334,0.4758619874947859,0.5595437916100797,13.47342689961798,-0.04,-0.42,0.22,1.26,2.06,0.84,0.7233204397497589,0.0,58.87924858712091,2.9677000986500475,0.17890695702961573
2025-08-31,0.9001192678547837,0.9254727474972192,0.9373714741615569,13.47342689961798,-0.14,-0.45,0.08,0.82,1.92,1.12,0.7233204397497589,0.0,63.40488382994154,3.959061442711437,0.2589268913341858
2025-09-30,0.7689326345894248,0.7991707823349496,0.842671540723217,13.47342689961798,-0.28,-0.24,-0.07,0.49,1.62,1.37,0.7233204397497589,0.0,71.83705236718052,5.527778960850146,0.254935435250502
2025-10-31,0.8170626913339154,0.8873201656964866,0.9043496759048144,13.47342689961798,-0.4,-0.06,-0.17,0.22,1.26,1.6,0.7233204397497589,0.0,79.57140456543465,2.259924612695281,0.2480325443791518
2025-11-30,0.994906570371374,0.9967505763673639,0.9973368570999185,13.47342689961798,-0.51,0.02,-0.21,0.08,0.82,1.83,0.7233204397497589,0.0,69.64277817577188,2.4587927919135257,0.17862938109774937
2025-12-31,0.44949069589652624,0.6483188563786411,0.7114571474815767,13.47342689961798,-0.55,-0.02,-0.3,-0.07,0.49,1.99,-2.33837338287065,2.33837338287065,62.48684408359645,2.5845945114026567,0.20718647327511092
2026-01-31,0.30942280595356925,0.5149075719619725,0.6380422420310763,13.47342689961798,,,,,,,-2.33837338287065,2.33837338287065,,2.5219068437057572,0.18166065556319655
2026-02-28,0.0,0.23076928676221428,0.4260289210233594,13.47342689961798,,,,,,,-2.33837338287065,2.33837338287065,,2.9053625351087673,0.20561456756556606
2026-03-31,0.1065891472868217,0.31276093255306353,0.4026950364929792,13.47342689961798,,,,,,,-2.33837338287065,2.33837338287065,,1.882404181564985,0.20783736178560452
2026-04-30,0.12694695146255025,0.1263564945191376,0.4107188904207517,13.47342689961798,,,,,,,-2.33837338287065,2.33837338287065,,2.4567485750064715,0.20061899038221534
2026-05-31,0.0,0.0,0.21310581583365582,13.47342689961798,,,,,,,-2.33837338287065,2.33837338287065,,1.8405110071372637,0.17813322821899136
