observed_date,feature_name,value
2013-01-31,production_mt:anaamalais_coimbatore:arabica,1300.0
2013-01-31,production_mt:anaamalais_coimbatore:robusta,500.0
2013-01-31,production_mt:anaamalais_coimbatore:total,1800.0
2013-01-31,production_mt:andhra_pradesh:arabica,6100.0
2013-01-31,production_mt:andhra_pradesh:robusta,35.0
2013-01-31,production_mt:andhra_pradesh:total,6135.0
2013-01-31,production_mt:chikkamagaluru:arabica,37825.0
2013-01-31,production_mt:chikkamagaluru:robusta,37200.0
2013-01-31,production_mt:chikkamagaluru:total,75025.0
2013-01-31,production_mt:hassan:arabica,19175.0
2013-01-31,production_mt:hassan:robusta,13725.0
2013-01-31,production_mt:hassan:total,32900.0
2013-01-31,production_mt:india:arabica,100225.0
2013-01-31,production_mt:india:robusta,215275.0
2013-01-31,production_mt:india:total,315500.0
2013-01-31,production_mt:kodagu:arabica,21705.0
2013-01-31,production_mt:kodagu:robusta,97575.0
2013-01-31,production_mt:kodagu:total,119280.0
2013-01-31,production_mt:nelliampathies:arabica,1100.0
2013-01-31,production_mt:nelliampathies:robusta,1450.0
2013-01-31,production_mt:nelliampathies:total,2550.0
2013-01-31,production_mt:nilgiris:arabica,1800.0
2013-01-31,production_mt:nilgiris:robusta,4150.0
2013-01-31,production_mt:nilgiris:total,5950.0
2013-01-31,production_mt:north_eastern_region:arabica,130.0
2013-01-31,production_mt:north_eastern_region:robusta,65.0
2013-01-31,production_mt:north_eastern_region:total,195.0
2013-01-31,production_mt:odisha:arabica,390.0
2013-01-31,production_mt:odisha:robusta,0.0
2013-01-31,production_mt:odisha:total,390.0
2013-01-31,production_mt:pulneys:arabica,6275.0
2013-01-31,production_mt:pulneys:robusta,225.0
2013-01-31,production_mt:pulneys:total,6500.0
2013-01-31,production_mt:shevaroy_salem:arabica,3450.0
2013-01-31,production_mt:shevaroy_salem:robusta,50.0
2013-01-31,production_mt:shevaroy_salem:total,3500.0
2013-01-31,production_mt:travancore:arabica,975.0
2013-01-31,production_mt:travancore:robusta,7150.0
2013-01-31,production_mt:travancore:total,8125.0
2013-01-31,production_mt:wayanad:arabica,0.0
2013-01-31,production_mt:wayanad:robusta,53150.0
2013-01-31,production_mt:wayanad:total,53150.0
2016-07-31,production_mt:anaamalais_coimbatore:arabica,1300.0
2016-07-31,production_mt:anaamalais_coimbatore:robusta,500.0
2016-07-31,production_mt:anaamalais_coimbatore:total,1800.0
2016-07-31,production_mt:andhra_pradesh:arabica,9750.0
2016-07-31,production_mt:andhra_pradesh:robusta,50.0
2016-07-31,production_mt:andhra_pradesh:total,9800.0
2016-07-31,production_mt:chikkamagaluru:arabica,38750.0
2016-07-31,production_mt:chikkamagaluru:robusta,38035.0
2016-07-31,production_mt:chikkamagaluru:total,76785.0
2016-07-31,production_mt:hassan:arabica,18225.0
2016-07-31,production_mt:hassan:robusta,12900.0
2016-07-31,production_mt:hassan:total,31125.0
2016-07-31,production_mt:india:arabica,100000.0
2016-07-31,production_mt:india:robusta,220000.0
2016-07-31,production_mt:india:total,320000.0
2016-07-31,production_mt:kodagu:arabica,17510.0
2016-07-31,production_mt:kodagu:robusta,103925.0
2016-07-31,production_mt:kodagu:total,121435.0
2016-07-31,production_mt:nelliampathies:arabica,1150.0
2016-07-31,production_mt:nelliampathies:robusta,300.0
2016-07-31,production_mt:nelliampathies:total,2750.0
2016-07-31,production_mt:nilgiris:arabica,1400.0
2016-07-31,production_mt:nilgiris:robusta,3750.0
2016-07-31,production_mt:nilgiris:total,5150.0
2016-07-31,production_mt:north_eastern_region:arabica,100.0
2016-07-31,production_mt:north_eastern_region:robusta,105.0
2016-07-31,production_mt:north_eastern_region:total,205.0
2016-07-31,production_mt:odisha:arabica,650.0
2016-07-31,production_mt:odisha:robusta,0.0
2016-07-31,production_mt:odisha:total,650.0
2016-07-31,production_mt:pulneys:arabica,6550.0
2016-07-31,production_mt:pulneys:robusta,365.0
2016-07-31,production_mt:pulneys:total,6915.0
2016-07-31,production_mt:shevaroy_salem:arabica,3625.0
2016-07-31,production_mt:shevaroy_salem:robusta,70.0
2016-07-31,production_mt:shevaroy_salem:total,3695.0
2016-07-31,production_mt:travancore:arabica,990.0
2016-07-31,production_mt:travancore:robusta,6750.0
2016-07-31,production_mt:travancore:total,7740.0
2016-07-31,production_mt:wayanad:arabica,0.0
2016-07-31,production_mt:wayanad:robusta,51950.0
2016-07-31,production_mt:wayanad:total,51950.0
2022-01-31,production_mt:anaamalais_coimbatore:arabica,720.0
2022-01-31,production_mt:anaamalais_coimbatore:robusta,470.0
2022-01-31,production_mt:anaamalais_coimbatore:total,1190.0
2022-01-31,production_mt:andhra_pradesh:arabica,11680.0
2022-01-31,production_mt:andhra_pradesh:robusta,20.0
2022-01-31,production_mt:andhra_pradesh:total,11700.0
2022-01-31,production_mt:chikkamagaluru:arabica,34050.0
2022-01-31,production_mt:chikkamagaluru:robusta,48250.0
2022-01-31,production_mt:chikkamagaluru:total,82300.0
2022-01-31,production_mt:hassan:arabica,18500.0
2022-01-31,production_mt:hassan:robusta,21700.0
2022-01-31,production_mt:hassan:total,40200.0
2022-01-31,production_mt:india:arabica,99000.0
2022-01-31,production_mt:india:robusta,249500.0
2022-01-31,production_mt:india:total,348500.0
2022-01-31,production_mt:kodagu:arabica,19200.0
2022-01-31,production_mt:kodagu:robusta,107200.0
2022-01-31,production_mt:kodagu:total,126400.0
2022-01-31,production_mt:nelliampathies:arabica,1050.0
2022-01-31,production_mt:nelliampathies:robusta,1600.0
2022-01-31,production_mt:nelliampathies:total,2650.0
2022-01-31,production_mt:nilgiris:arabica,1100.0
2022-01-31,production_mt:nilgiris:robusta,4270.0
2022-01-31,production_mt:nilgiris:total,5370.0
2022-01-31,production_mt:north_eastern_region:arabica,70.0
2022-01-31,production_mt:north_eastern_region:robusta,90.0
2022-01-31,production_mt:north_eastern_region:total,160.0
2022-01-31,production_mt:odisha:arabica,600.0
2022-01-31,production_mt:odisha:robusta,0.0
2022-01-31,production_mt:odisha:total,600.0
2022-01-31,production_mt:pulneys:arabica,7430.0
2022-01-31,production_mt:pulneys:robusta,450.0
2022-01-31,production_mt:pulneys:total,7880.0
2022-01-31,production_mt:shevaroy_salem:arabica,3750.0
2022-01-31,production_mt:shevaroy_salem:robusta,50.0
2022-01-31,production_mt:shevaroy_salem:total,3800.0
2022-01-31,production_mt:travancore:arabica,850.0
2022-01-31,production_mt:travancore:robusta,7300.0
2022-01-31,production_mt:travancore:total,8150.0
2022-01-31,production_mt:wayanad:arabica,0.0
2022-01-31,production_mt:wayanad:robusta,58100.0
2022-01-31,production_mt:wayanad:total,58100.0
2024-07-31,production_mt:anaamalais_coimbatore:arabica,800.0
2024-07-31,production_mt:anaamalais_coimbatore:robusta,550.0
2024-07-31,production_mt:anaamalais_coimbatore:total,1350.0
2024-07-31,production_mt:andhra_pradesh:arabica,12170.0
2024-07-31,production_mt:andhra_pradesh:robusta,40.0
2024-07-31,production_mt:andhra_pradesh:total,12210.0
2024-07-31,production_mt:chikkamagaluru:arabica,37875.0
2024-07-31,production_mt:chikkamagaluru:robusta,47280.0
2024-07-31,production_mt:chikkamagaluru:total,85155.0
2024-07-31,production_mt:hassan:arabica,15850.0
2024-07-31,production_mt:hassan:robusta,20950.0
2024-07-31,production_mt:hassan:total,36800.0
2024-07-31,production_mt:india:arabica,101500.0
2024-07-31,production_mt:india:robusta,259000.0
2024-07-31,production_mt:india:total,360500.0
2024-07-31,production_mt:kodagu:arabica,19220.0
2024-07-31,production_mt:kodagu:robusta,113400.0
2024-07-31,production_mt:kodagu:total,132620.0
2024-07-31,production_mt:nelliampathies:arabica,1100.0
2024-07-31,production_mt:nelliampathies:robusta,1650.0
2024-07-31,production_mt:nelliampathies:total,2750.0
2024-07-31,production_mt:nilgiris:arabica,1175.0
2024-07-31,production_mt:nilgiris:robusta,4450.0
2024-07-31,production_mt:nilgiris:total,5625.0
2024-07-31,production_mt:north_eastern_region:arabica,70.0
2024-07-31,production_mt:north_eastern_region:robusta,90.0
2024-07-31,production_mt:north_eastern_region:total,160.0
2024-07-31,production_mt:odisha:arabica,465.0
2024-07-31,production_mt:odisha:robusta,0.0
2024-07-31,production_mt:odisha:total,465.0
2024-07-31,production_mt:pulneys:arabica,7950.0
2024-07-31,production_mt:pulneys:robusta,490.0
2024-07-31,production_mt:pulneys:total,8440.0
2024-07-31,production_mt:shevaroy_salem:arabica,3925.0
2024-07-31,production_mt:shevaroy_salem:robusta,0.0
2024-07-31,production_mt:shevaroy_salem:total,3925.0
2024-07-31,production_mt:travancore:arabica,900.0
2024-07-31,production_mt:travancore:robusta,8150.0
2024-07-31,production_mt:travancore:total,9050.0
2024-07-31,production_mt:wayanad:arabica,0.0
2024-07-31,production_mt:wayanad:robusta,61950.0
2024-07-31,production_mt:wayanad:total,61950.0
