date,net,cot_index
2010-01-31,19543.0,0.0
2010-02-28,5173.0,0.0
2010-03-31,14508.0,56.666520615168906
2010-04-30,-2208.0,0.0
2010-05-31,1981.0,15.744568894234384
2010-06-30,29320.0,100.0
2010-07-31,33025.0,100.0
2010-08-31,31399.0,81.33940024687175
2010-09-30,31402.0,81.34666118062783
2010-10-31,32504.0,84.01384418036159
2010-11-30,28597.0,74.55768811869207
2010-12-31,29533.0,76.82309945058934
2011-01-31,27121.0,70.9853087107002
2011-02-28,31520.0,81.63225790836701
2011-03-31,23238.0,61.58724011907931
2011-04-30,34601.0,89.08923687586224
2011-05-31,18251.0,49.51714790522061
2011-06-30,5973.0,19.800566352832973
2011-07-31,2077.0,10.371033714935741
2011-08-31,18478.0,50.066558559430746
2011-09-30,10293.0,30.256310961589662
2011-10-31,11402.0,32.94043614008761
2011-11-30,11721.0,33.712515429484235
2011-12-31,3874.0,14.720333034828279
2012-01-31,7095.0,22.51615557760728
2012-02-29,-3642.0,0.0
2012-03-31,-10681.0,2.0171209288595886
2012-04-30,-14497.0,2.9052707842782106
2012-05-31,-13247.0,5.1693533780112295
2012-06-30,-14444.0,3.0012678862524904
2012-07-31,-1077.0,27.212461510595908
2012-08-31,-15946.0,0.2807462416228944
2012-09-30,-6226.0,21.429809358752166
2012-10-31,-13460.0,8.892547660311958
2012-11-30,-23535.0,1.6855519633384601
2012-12-31,-21125.0,5.467842681816755
2013-01-31,-7595.0,26.702030823315233
2013-02-28,-20620.0,6.260397375937726
2013-03-31,-26082.0,0.4687166020336499
2013-04-30,-18866.0,11.48584689608843
2013-05-31,-18270.0,12.395798344987632
2013-06-30,-27580.0,0.0
2013-07-31,-13541.0,21.051447764998727
2013-08-31,-22969.0,7.280564634550708
2013-09-30,-23838.0,6.013950049821607
2013-10-31,-28453.0,0.0
2013-11-30,-24018.0,10.601072909046573
2013-12-31,-10426.0,31.31553279687881
2014-01-31,-7023.0,36.50176786149719
2014-02-28,28979.0,91.36948305291392
2014-03-31,44486.0,100.0
2014-04-30,44469.0,99.97747150808375
2014-05-31,41201.0,94.7663502317459
2014-06-30,39702.0,92.7981512847783
2014-07-31,38845.0,91.67290345452398
2014-08-31,42002.0,95.81806961568256
2014-09-30,38175.0,90.79318811465185
2014-10-31,39867.0,90.02198416631721
2014-11-30,37835.0,87.43979769483944
2014-12-31,24063.0,69.93887639307181
2015-01-31,19392.0,64.00315148742582
2015-02-28,6367.0,47.451488696580384
2015-03-31,-9923.0,26.7507910487591
2015-04-30,-5558.0,32.297663070412874
2015-05-31,-19165.0,15.00641734334693
2015-06-30,-11789.0,24.37955091304182
2015-07-31,-22787.0,10.403720788380161
2015-08-31,-14613.0,20.790921682995947
2015-09-30,-21949.0,11.46861855565298
2015-10-31,-14298.0,21.19121141651735
2015-11-30,-19283.0,14.856467538408753
2015-12-31,-15539.0,19.614196942548894
2016-01-31,-24648.0,8.03883445795687
2016-02-29,-10884.0,25.529589671254115
2016-03-31,25106.0,71.26428017739825
2016-04-30,7240.0,48.560863100911135
2016-05-31,-4291.0,33.90771733191008
2016-06-30,29534.0,76.89121014575629
2016-07-31,34198.0,82.8180397239907
2016-08-31,33690.0,82.17249310612125
2016-09-30,46227.0,97.54991154915339
2016-10-31,50877.0,100.0
2016-11-30,43323.0,81.69573019232539
2016-12-31,12396.0,46.12128462317107
2017-01-31,28279.0,64.39104628692371
2017-02-28,15340.0,49.507683813379955
2017-03-31,307.0,32.21565289408301
2017-04-30,-5677.0,25.332428453114936
2017-05-31,-16425.0,12.969310757338732
2017-06-30,-46390.0,0.0
2017-07-31,-24208.0,21.00051123776343
2017-08-31,-26066.0,19.241474636926515
2017-09-30,-14769.0,29.93675799519058
2017-10-31,-45922.0,0.44307272830553085
2017-11-30,-42079.0,6.8342115184786705
2017-12-31,-60805.0,0.0
2018-01-31,-50671.0,8.442115610499746
2018-02-28,-56846.0,3.2980398363892336
2018-03-31,-60157.0,0.5398155630159696
2018-04-30,-62643.0,7.183654197636164
2018-05-31,-45241.0,20.436060679907396
2018-06-30,-68010.0,3.096442061654685
2018-07-31,-91254.0,0.0
2018-08-31,-102037.0,3.025182797767943
2018-09-30,-108069.0,2.2939503483557493
2018-10-31,-23935.0,51.4281709717169
2018-11-30,-28709.0,48.640156979086974
2018-12-31,-60312.0,30.184018267506847
2019-01-31,-61477.0,29.503658757365695
2019-02-28,-77840.0,19.94767363767498
2019-03-31,-82084.0,17.469179422190816
2019-04-30,-76690.0,20.61927315412333
2019-05-31,-65825.0,26.96442858561142
2019-06-30,-30863.0,47.382221884800245
2019-07-31,-28261.0,48.90178879071207
2019-08-31,-50894.0,35.68412630742906
2019-09-30,-48629.0,37.00688535504254
2019-10-31,-60352.0,30.160658284326036
2019-11-30,3109.0,80.72062721777304
2019-12-31,41590.0,98.73104441344553
2020-01-31,19267.0,84.38104666336679
2020-02-29,-16014.0,61.70119760094111
2020-03-31,20550.0,85.20580351116283
2020-04-30,14712.0,81.45293486156557
2020-05-31,6148.0,75.94769897339307
2020-06-30,-25641.0,55.5126284865744
2020-07-31,-6230.0,67.99069175436003
2020-08-31,34915.0,94.44012316711772
2020-09-30,34804.0,89.9609640710123
2020-10-31,10606.0,75.13221352714437
2020-11-30,14580.0,77.56751622411649
2020-12-31,19638.0,80.66710380370505
2021-01-31,22257.0,82.27205039740659
2021-02-28,32976.0,88.84074934276242
2021-03-31,9625.0,74.53104796455513
2021-04-30,35283.0,90.25449954958543
2021-05-31,41778.0,94.2346935648934
2021-06-30,37966.0,91.89866591495438
2021-07-31,39783.0,93.01213974494893
2021-08-31,39415.0,92.78662605786143
2021-09-30,43158.0,94.11596561050155
2021-10-31,52237.0,99.85111806700414
2021-11-30,57738.0,99.35449353103851
2021-12-31,48675.0,93.0571575480482
2022-01-31,52559.0,95.75591656359872
2022-02-28,56185.0,98.27540682888868
2022-03-31,23790.0,75.76606122931113
2022-04-30,27723.0,78.49886741060882
2022-05-31,32665.0,79.4799352878507
2022-06-30,33785.0,80.36380854673874
2022-07-31,19965.0,69.4574438701022
2022-08-31,44015.0,88.43704375961804
2022-09-30,37528.0,83.31768141104052
2022-10-31,2179.0,43.71014030612245
2022-11-30,-25017.0,3.5443008794476656
2022-12-31,-19359.0,10.06581449763137
2023-01-31,-11935.0,28.624287274050708
2023-02-28,12559.0,53.386711957620605
2023-03-31,11013.0,51.82376966314853
2023-04-30,35237.0,76.31323547252214
2023-05-31,19560.0,60.46443446965102
2023-06-30,776.0,41.47458449593594
2023-07-31,-14263.0,26.270775203202717
2023-08-31,-32176.0,8.161470338469003
2023-09-30,-21501.0,18.953455457155567
2023-10-31,14312.0,55.15892272230984
2023-11-30,28271.0,69.27089651825791
2023-12-31,44169.0,85.34311941445267
2024-01-31,52741.0,94.00905819078814
2024-02-29,46089.0,87.28416029762627
2024-03-31,49501.0,90.73355170043268
2024-04-30,69648.0,97.19635260509256
2024-05-31,57013.0,86.0215624364315
2024-06-30,65158.0,93.2252558217694
2024-07-31,55275.0,84.48442074168413
2024-08-31,58154.0,87.0306986123272
2024-09-30,61472.0,89.96524184775399
2024-10-31,56436.0,85.51124554467705
2024-11-30,62500.0,90.87443728055047
2024-12-31,56908.0,85.92869714417115
2025-01-31,66006.0,93.97525361069101
2025-02-28,58857.0,87.65245385479406
2025-03-31,55702.0,84.86207293020952
2025-04-30,44404.0,74.8697674829968
2025-05-31,36954.0,68.28075388928688
2025-06-30,26376.0,58.92523901757365
2025-07-31,26324.0,58.87924858712091
2025-08-31,31441.0,63.40488382994154
2025-09-30,40975.0,71.83705236718052
2025-10-31,49720.0,79.57140456543465
2025-11-30,38494.0,69.64277817577188
2025-12-31,30403.0,62.48684408359645
