date,stu,stu_vintage,stu_z_score,stu_delta,months_of_consumption,settle,fwd_12m,stu_stress
2008-01-31,24.364663170633317,28.713651569737518,,2.6802998586045668,3.4456381883685023,138.14999389648438,118.9000015258789,
2008-02-29,24.364663170633317,28.713651569737518,,2.6802998586045668,3.4456381883685023,164.60000610351562,109.4499969482422,
2008-03-31,24.364663170633317,28.713651569737518,,2.6802998586045668,3.4456381883685023,127.4000015258789,115.75,
2008-04-30,24.364663170633317,28.713651569737518,,2.6802998586045668,3.4456381883685023,134.5500030517578,115.0,
2008-05-31,24.364663170633317,28.713651569737518,,2.6802998586045668,3.4456381883685023,133.89999389648438,137.39999389648438,
2008-06-30,24.364663170633317,28.713651569737518,,2.6802998586045668,3.4456381883685023,150.89999389648438,117.3000030517578,
2008-07-31,24.364663170633317,28.713651569737518,,2.6802998586045668,3.4456381883685023,139.35000610351562,127.8499984741211,
2008-08-31,24.364663170633317,28.713651569737518,,2.6802998586045668,3.4456381883685023,141.89999389648438,120.9000015258789,
2008-09-30,24.364663170633317,28.713651569737518,,2.6802998586045668,3.4456381883685023,130.4499969482422,127.8000030517578,
2008-10-31,24.364663170633317,28.713651569737518,,2.6802998586045668,3.4456381883685023,113.0,135.5,
2008-11-30,24.364663170633317,28.713651569737518,,2.6802998586045668,3.4456381883685023,114.0999984741211,141.75,
2008-12-31,31.45621966043522,24.364663170633317,,-4.348988399104201,2.923759580475998,112.0500030517578,135.9499969482422,
2009-01-31,31.45621966043522,24.364663170633317,,-4.348988399104201,2.923759580475998,118.9000015258789,131.6999969482422,
2009-02-28,31.45621966043522,24.364663170633317,,-4.348988399104201,2.923759580475998,109.4499969482422,129.0500030517578,
2009-03-31,31.45621966043522,24.364663170633317,,-4.348988399104201,2.923759580475998,115.75,136.14999389648438,
2009-04-30,31.45621966043522,24.364663170633317,,-4.348988399104201,2.923759580475998,115.0,135.1999969482422,
2009-05-31,31.45621966043522,24.364663170633317,,-4.348988399104201,2.923759580475998,137.39999389648438,134.25,
2009-06-30,31.45621966043522,24.364663170633317,,-4.348988399104201,2.923759580475998,117.3000030517578,164.1999969482422,
2009-07-31,31.45621966043522,24.364663170633317,,-4.348988399104201,2.923759580475998,127.8499984741211,176.3000030517578,
2009-08-31,31.45621966043522,24.364663170633317,,-4.348988399104201,2.923759580475998,120.9000015258789,176.8000030517578,
2009-09-30,31.45621966043522,24.364663170633317,,-4.348988399104201,2.923759580475998,127.8000030517578,183.0500030517578,
2009-10-31,31.45621966043522,24.364663170633317,,-4.348988399104201,2.923759580475998,135.5,203.4499969482422,
2009-11-30,31.45621966043522,24.364663170633317,,-4.348988399104201,2.923759580475998,141.75,200.9499969482422,
2009-12-31,20.722578235006754,31.45621966043522,,7.091556489801903,3.7747463592522266,135.9499969482422,240.5,
2010-01-31,20.722578235006754,31.45621966043522,,7.091556489801903,3.7747463592522266,131.6999969482422,244.8000030517578,
2010-02-28,20.722578235006754,31.45621966043522,,7.091556489801903,3.7747463592522266,129.0500030517578,271.70001220703125,
2010-03-31,20.722578235006754,31.45621966043522,,7.091556489801903,3.7747463592522266,136.14999389648438,264.1499938964844,
2010-04-30,20.722578235006754,31.45621966043522,,7.091556489801903,3.7747463592522266,135.1999969482422,299.3500061035156,
2010-05-31,20.722578235006754,31.45621966043522,,7.091556489801903,3.7747463592522266,134.25,264.6000061035156,
2010-06-30,20.722578235006754,31.45621966043522,,7.091556489801903,3.7747463592522266,164.1999969482422,265.3500061035156,
2010-07-31,20.722578235006754,31.45621966043522,,7.091556489801903,3.7747463592522266,176.3000030517578,239.5500030517578,
2010-08-31,20.722578235006754,31.45621966043522,,7.091556489801903,3.7747463592522266,176.8000030517578,289.1000061035156,
2010-09-30,20.722578235006754,31.45621966043522,,7.091556489801903,3.7747463592522266,183.0500030517578,228.8999938964844,
2010-10-31,20.722578235006754,31.45621966043522,,7.091556489801903,3.7747463592522266,203.4499969482422,226.9499969482422,
2010-11-30,20.722578235006754,31.45621966043522,,7.091556489801903,3.7747463592522266,200.9499969482422,233.8000030517578,
2010-12-31,21.1352835256959,20.722578235006754,,-10.733641425428466,2.4867093882008104,240.5,226.8500061035156,
2011-01-31,21.1352835256959,20.722578235006754,,-10.733641425428466,2.4867093882008104,244.8000030517578,215.0500030517578,
2011-02-28,21.1352835256959,20.722578235006754,,-10.733641425428466,2.4867093882008104,271.70001220703125,203.1499938964844,
2011-03-31,21.1352835256959,20.722578235006754,,-10.733641425428466,2.4867093882008104,264.1499938964844,182.4499969482422,
2011-04-30,21.1352835256959,20.722578235006754,,-10.733641425428466,2.4867093882008104,299.3500061035156,177.9499969482422,
2011-05-31,21.1352835256959,20.722578235006754,,-10.733641425428466,2.4867093882008104,264.6000061035156,160.64999389648438,
2011-06-30,21.1352835256959,20.722578235006754,,-10.733641425428466,2.4867093882008104,265.3500061035156,170.10000610351562,
2011-07-31,21.1352835256959,20.722578235006754,,-10.733641425428466,2.4867093882008104,239.5500030517578,174.39999389648438,
2011-08-31,21.1352835256959,20.722578235006754,,-10.733641425428466,2.4867093882008104,289.1000061035156,164.5500030517578,
2011-09-30,21.1352835256959,20.722578235006754,,-10.733641425428466,2.4867093882008104,228.8999938964844,173.5,
2011-10-31,21.1352835256959,20.722578235006754,,-10.733641425428466,2.4867093882008104,226.9499969482422,154.64999389648438,
2011-11-30,21.1352835256959,20.722578235006754,,-10.733641425428466,2.4867093882008104,233.8000030517578,142.10000610351562,
2011-12-31,18.026898922502816,21.1352835256959,-0.818954793721082,0.4127052906891464,2.536234023083508,226.8500061035156,143.8000030517578,0.7047386984302705
2012-01-31,18.026898922502816,21.1352835256959,-0.818954793721082,0.4127052906891464,2.536234023083508,215.0500030517578,146.9499969482422,0.7047386984302705
2012-02-29,18.026898922502816,21.1352835256959,-0.818954793721082,0.4127052906891464,2.536234023083508,203.1499938964844,142.64999389648438,0.7047386984302705
2012-03-31,18.026898922502816,21.1352835256959,-0.818954793721082,0.4127052906891464,2.536234023083508,182.4499969482422,137.14999389648438,0.7047386984302705
2012-04-30,18.026898922502816,21.1352835256959,-0.818954793721082,0.4127052906891464,2.536234023083508,177.9499969482422,134.9499969482422,0.7047386984302705
2012-05-31,18.026898922502816,21.1352835256959,-0.818954793721082,0.4127052906891464,2.536234023083508,160.64999389648438,127.0500030517578,0.7047386984302705
2012-06-30,18.026898922502816,21.1352835256959,-0.818954793721082,0.4127052906891464,2.536234023083508,170.10000610351562,120.0,0.7047386984302705
2012-07-31,18.026898922502816,21.1352835256959,-0.818954793721082,0.4127052906891464,2.536234023083508,174.39999389648438,118.5999984741211,0.7047386984302705
2012-08-31,18.026898922502816,21.1352835256959,-0.818954793721082,0.4127052906891464,2.536234023083508,164.5500030517578,112.0999984741211,0.7047386984302705
2012-09-30,18.026898922502816,21.1352835256959,-0.818954793721082,0.4127052906891464,2.536234023083508,173.5,113.6999969482422,0.7047386984302705
2012-10-31,18.026898922502816,21.1352835256959,-0.818954793721082,0.4127052906891464,2.536234023083508,154.64999389648438,105.4000015258789,0.7047386984302705
2012-11-30,18.026898922502816,21.1352835256959,-0.818954793721082,0.4127052906891464,2.536234023083508,142.10000610351562,110.25,0.7047386984302705
2012-12-31,24.661785216178522,18.026898922502816,-0.837582052132645,-3.108384603193084,2.1632278707003376,143.8000030517578,110.6999969482422,0.7093955130331613
2013-01-31,24.661785216178522,18.026898922502816,-0.837582052132645,-3.108384603193084,2.1632278707003376,146.9499969482422,125.1999969482422,0.7093955130331613
2013-02-28,24.661785216178522,18.026898922502816,-0.837582052132645,-3.108384603193084,2.1632278707003376,142.64999389648438,179.8000030517578,0.7093955130331613
2013-03-31,24.661785216178522,18.026898922502816,-0.837582052132645,-3.108384603193084,2.1632278707003376,137.14999389648438,177.89999389648438,0.7093955130331613
2013-04-30,24.661785216178522,18.026898922502816,-0.837582052132645,-3.108384603193084,2.1632278707003376,134.9499969482422,203.0500030517578,0.7093955130331613
2013-05-31,24.661785216178522,18.026898922502816,-0.837582052132645,-3.108384603193084,2.1632278707003376,127.0500030517578,177.5,0.7093955130331613
2013-06-30,24.661785216178522,18.026898922502816,-0.837582052132645,-3.108384603193084,2.1632278707003376,120.0,173.0,0.7093955130331613
2013-07-31,24.661785216178522,18.026898922502816,-0.837582052132645,-3.108384603193084,2.1632278707003376,118.5999984741211,195.0500030517578,0.7093955130331613
2013-08-31,24.661785216178522,18.026898922502816,-0.837582052132645,-3.108384603193084,2.1632278707003376,112.0999984741211,195.75,0.7093955130331613
2013-09-30,24.661785216178522,18.026898922502816,-0.837582052132645,-3.108384603193084,2.1632278707003376,113.6999969482422,193.3500061035156,0.7093955130331613
2013-10-31,24.661785216178522,18.026898922502816,-0.837582052132645,-3.108384603193084,2.1632278707003376,105.4000015258789,188.0,0.7093955130331613
2013-11-30,24.661785216178522,18.026898922502816,-0.837582052132645,-3.108384603193084,2.1632278707003376,110.25,186.6499938964844,0.7093955130331613
2013-12-31,28.624450051085304,24.661785216178522,-0.4598240195366157,6.634886293675706,2.9594142259414227,110.6999969482422,166.60000610351562,0.6149560048841539
2014-01-31,28.624450051085304,24.661785216178522,-0.4598240195366157,6.634886293675706,2.9594142259414227,125.1999969482422,161.89999389648438,0.6149560048841539
2014-02-28,28.624450051085304,24.661785216178522,-0.4598240195366157,6.634886293675706,2.9594142259414227,179.8000030517578,136.75,0.6149560048841539
2014-03-31,28.624450051085304,24.661785216178522,-0.4598240195366157,6.634886293675706,2.9594142259414227,177.89999389648438,132.89999389648438,0.6149560048841539
2014-04-30,28.624450051085304,24.661785216178522,-0.4598240195366157,6.634886293675706,2.9594142259414227,203.0500030517578,136.5500030517578,0.6149560048841539
2014-05-31,28.624450051085304,24.661785216178522,-0.4598240195366157,6.634886293675706,2.9594142259414227,177.5,126.1500015258789,0.6149560048841539
2014-06-30,28.624450051085304,24.661785216178522,-0.4598240195366157,6.634886293675706,2.9594142259414227,173.0,130.64999389648438,0.6149560048841539
2014-07-31,28.624450051085304,24.661785216178522,-0.4598240195366157,6.634886293675706,2.9594142259414227,195.0500030517578,125.25,0.6149560048841539
2014-08-31,28.624450051085304,24.661785216178522,-0.4598240195366157,6.634886293675706,2.9594142259414227,195.75,120.5500030517578,0.6149560048841539
2014-09-30,28.624450051085304,24.661785216178522,-0.4598240195366157,6.634886293675706,2.9594142259414227,193.3500061035156,121.3499984741211,0.6149560048841539
2014-10-31,28.624450051085304,24.661785216178522,-0.4598240195366157,6.634886293675706,2.9594142259414227,188.0,120.9499969482422,0.6149560048841539
2014-11-30,28.624450051085304,24.661785216178522,-0.4598240195366157,6.634886293675706,2.9594142259414227,186.6499938964844,116.9000015258789,0.6149560048841539
2014-12-31,29.308997506166634,28.624450051085304,0.3899402347564283,3.962664834906782,3.4349340061302365,166.60000610351562,126.6999969482422,0.40251494131089294
2015-01-31,29.308997506166634,28.624450051085304,0.3899402347564283,3.962664834906782,3.4349340061302365,161.89999389648438,116.3499984741211,0.40251494131089294
2015-02-28,29.308997506166634,28.624450051085304,0.3899402347564283,3.962664834906782,3.4349340061302365,136.75,112.6500015258789,0.40251494131089294
2015-03-31,29.308997506166634,28.624450051085304,0.3899402347564283,3.962664834906782,3.4349340061302365,132.89999389648438,127.4499969482422,0.40251494131089294
2015-04-30,29.308997506166634,28.624450051085304,0.3899402347564283,3.962664834906782,3.4349340061302365,136.5500030517578,120.8499984741211,0.40251494131089294
2015-05-31,29.308997506166634,28.624450051085304,0.3899402347564283,3.962664834906782,3.4349340061302365,126.1500015258789,121.5500030517578,0.40251494131089294
2015-06-30,29.308997506166634,28.624450051085304,0.3899402347564283,3.962664834906782,3.4349340061302365,130.64999389648438,144.10000610351562,0.40251494131089294
2015-07-31,29.308997506166634,28.624450051085304,0.3899402347564283,3.962664834906782,3.4349340061302365,125.25,146.1999969482422,0.40251494131089294
2015-08-31,29.308997506166634,28.624450051085304,0.3899402347564283,3.962664834906782,3.4349340061302365,120.5500030517578,145.89999389648438,0.40251494131089294
2015-09-30,29.308997506166634,28.624450051085304,0.3899402347564283,3.962664834906782,3.4349340061302365,121.3499984741211,151.5500030517578,0.40251494131089294
2015-10-31,29.308997506166634,28.624450051085304,0.3899402347564283,3.962664834906782,3.4349340061302365,120.9499969482422,164.14999389648438,0.40251494131089294
2015-11-30,29.308997506166634,28.624450051085304,0.3899402347564283,3.962664834906782,3.4349340061302365,116.9000015258789,147.5,0.40251494131089294
2015-12-31,22.816053686368207,29.308997506166634,0.649727980501548,0.6845474550813293,3.517079700739996,126.6999969482422,137.0500030517578,0.337568004874613
2016-01-31,22.816053686368207,29.308997506166634,0.649727980501548,0.6845474550813293,3.517079700739996,116.3499984741211,149.5500030517578,0.337568004874613
2016-02-29,22.816053686368207,29.308997506166634,0.649727980501548,0.6845474550813293,3.517079700739996,112.6500015258789,140.6999969482422,0.337568004874613
2016-03-31,22.816053686368207,29.308997506166634,0.649727980501548,0.6845474550813293,3.517079700739996,127.4499969482422,139.3000030517578,0.337568004874613
2016-04-30,22.816053686368207,29.308997506166634,0.649727980501548,0.6845474550813293,3.517079700739996,120.8499984741211,131.0500030517578,0.337568004874613
2016-05-31,22.816053686368207,29.308997506166634,0.649727980501548,0.6845474550813293,3.517079700739996,121.5500030517578,129.35000610351562,0.337568004874613
2016-06-30,22.816053686368207,29.308997506166634,0.649727980501548,0.6845474550813293,3.517079700739996,144.10000610351562,124.0500030517578,0.337568004874613
2016-07-31,22.816053686368207,29.308997506166634,0.649727980501548,0.6845474550813293,3.517079700739996,146.1999969482422,139.25,0.337568004874613
2016-08-31,22.816053686368207,29.308997506166634,0.649727980501548,0.6845474550813293,3.517079700739996,145.89999389648438,128.14999389648438,0.337568004874613
2016-09-30,22.816053686368207,29.308997506166634,0.649727980501548,0.6845474550813293,3.517079700739996,151.5500030517578,128.0500030517578,0.337568004874613
2016-10-31,22.816053686368207,29.308997506166634,0.649727980501548,0.6845474550813293,3.517079700739996,164.14999389648438,125.0999984741211,0.337568004874613
2016-11-30,22.816053686368207,29.308997506166634,0.649727980501548,0.6845474550813293,3.517079700739996,147.5,126.3000030517578,0.337568004874613
2016-12-31,23.502295234165462,22.816053686368207,-0.5731519232772815,-6.492943819798427,2.7379264423641847,137.0500030517578,126.1999969482422,0.6432879808193204
2017-01-31,23.502295234165462,22.816053686368207,-0.5731519232772815,-6.492943819798427,2.7379264423641847,149.5500030517578,121.8499984741211,0.6432879808193204
2017-02-28,23.502295234165462,22.816053686368207,-0.5731519232772815,-6.492943819798427,2.7379264423641847,140.6999969482422,121.0500030517578,0.6432879808193204
2017-03-31,23.502295234165462,22.816053686368207,-0.5731519232772815,-6.492943819798427,2.7379264423641847,139.3000030517578,118.1500015258789,0.6432879808193204
2017-04-30,23.502295234165462,22.816053686368207,-0.5731519232772815,-6.492943819798427,2.7379264423641847,131.0500030517578,120.6500015258789,0.6432879808193204
2017-05-31,23.502295234165462,22.816053686368207,-0.5731519232772815,-6.492943819798427,2.7379264423641847,129.35000610351562,123.6999969482422,0.6432879808193204
2017-06-30,23.502295234165462,22.816053686368207,-0.5731519232772815,-6.492943819798427,2.7379264423641847,124.0500030517578,111.5,0.6432879808193204
2017-07-31,23.502295234165462,22.816053686368207,-0.5731519232772815,-6.492943819798427,2.7379264423641847,139.25,109.9000015258789,0.6432879808193204
2017-08-31,23.502295234165462,22.816053686368207,-0.5731519232772815,-6.492943819798427,2.7379264423641847,128.14999389648438,98.0999984741211,0.6432879808193204
2017-09-30,23.502295234165462,22.816053686368207,-0.5731519232772815,-6.492943819798427,2.7379264423641847,128.0500030517578,102.4499969482422,0.6432879808193204
2017-10-31,23.502295234165462,22.816053686368207,-0.5731519232772815,-6.492943819798427,2.7379264423641847,125.0999984741211,112.6999969482422,0.6432879808193204
2017-11-30,23.502295234165462,22.816053686368207,-0.5731519232772815,-6.492943819798427,2.7379264423641847,126.3000030517578,103.25,0.6432879808193204
2017-12-31,19.8914254764143,23.502295234165462,-0.3364603936464536,0.6862415477972554,2.8202754280998557,126.1999969482422,101.8499984741211,0.5841150984116134
2018-01-31,19.8914254764143,23.502295234165462,-0.3364603936464536,0.6862415477972554,2.8202754280998557,121.8499984741211,105.9000015258789,0.5841150984116134
2018-02-28,19.8914254764143,23.502295234165462,-0.3364603936464536,0.6862415477972554,2.8202754280998557,121.0500030517578,95.1999969482422,0.5841150984116134
2018-03-31,19.8914254764143,23.502295234165462,-0.3364603936464536,0.6862415477972554,2.8202754280998557,118.1500015258789,94.5,0.5841150984116134
2018-04-30,19.8914254764143,23.502295234165462,-0.3364603936464536,0.6862415477972554,2.8202754280998557,120.6500015258789,91.8499984741211,0.5841150984116134
2018-05-31,19.8914254764143,23.502295234165462,-0.3364603936464536,0.6862415477972554,2.8202754280998557,123.6999969482422,104.5999984741211,0.5841150984116134
2018-06-30,19.8914254764143,23.502295234165462,-0.3364603936464536,0.6862415477972554,2.8202754280998557,111.5,108.25,0.5841150984116134
2018-07-31,19.8914254764143,23.502295234165462,-0.3364603936464536,0.6862415477972554,2.8202754280998557,109.9000015258789,99.6500015258789,0.5841150984116134
2018-08-31,19.8914254764143,23.502295234165462,-0.3364603936464536,0.6862415477972554,2.8202754280998557,98.0999984741211,93.5999984741211,0.5841150984116134
2018-09-30,19.8914254764143,23.502295234165462,-0.3364603936464536,0.6862415477972554,2.8202754280998557,102.4499969482422,101.1500015258789,0.5841150984116134
2018-10-31,19.8914254764143,23.502295234165462,-0.3364603936464536,0.6862415477972554,2.8202754280998557,112.6999969482422,101.9499969482422,0.5841150984116134
2018-11-30,19.8914254764143,23.502295234165462,-0.3364603936464536,0.6862415477972554,2.8202754280998557,103.25,118.5500030517578,0.5841150984116134
2018-12-31,22.256224285103283,19.8914254764143,-1.084399046516142,-3.6108697577511606,2.386971057169716,101.8499984741211,129.6999969482422,0.7710997616290355
2019-01-31,22.256224285103283,19.8914254764143,-1.084399046516142,-3.6108697577511606,2.386971057169716,105.9000015258789,102.6500015258789,0.7710997616290355
2019-02-28,22.256224285103283,19.8914254764143,-1.084399046516142,-3.6108697577511606,2.386971057169716,95.1999969482422,110.0999984741211,0.7710997616290355
2019-03-31,22.256224285103283,19.8914254764143,-1.084399046516142,-3.6108697577511606,2.386971057169716,94.5,119.5500030517578,0.7710997616290355
2019-04-30,22.256224285103283,19.8914254764143,-1.084399046516142,-3.6108697577511606,2.386971057169716,91.8499984741211,104.6500015258789,0.7710997616290355
2019-05-31,22.256224285103283,19.8914254764143,-1.084399046516142,-3.6108697577511606,2.386971057169716,104.5999984741211,96.3000030517578,0.7710997616290355
2019-06-30,22.256224285103283,19.8914254764143,-1.084399046516142,-3.6108697577511606,2.386971057169716,108.25,100.0500030517578,0.7710997616290355
2019-07-31,22.256224285103283,19.8914254764143,-1.084399046516142,-3.6108697577511606,2.386971057169716,99.6500015258789,118.9499969482422,0.7710997616290355
2019-08-31,22.256224285103283,19.8914254764143,-1.084399046516142,-3.6108697577511606,2.386971057169716,93.5999984741211,129.8000030517578,0.7710997616290355
2019-09-30,22.256224285103283,19.8914254764143,-1.084399046516142,-3.6108697577511606,2.386971057169716,101.1500015258789,110.9499969482422,0.7710997616290355
2019-10-31,22.256224285103283,19.8914254764143,-1.084399046516142,-3.6108697577511606,2.386971057169716,101.9499969482422,104.4000015258789,0.7710997616290355
2019-11-30,22.256224285103283,19.8914254764143,-1.084399046516142,-3.6108697577511606,2.386971057169716,118.5500030517578,120.6999969482422,0.7710997616290355
2019-12-31,22.055372486218474,22.256224285103283,-0.3945481555123897,2.364798808688981,2.670746914212394,129.6999969482422,128.25,0.5986370388780974
2020-01-31,22.055372486218474,22.256224285103283,-0.3945481555123897,2.364798808688981,2.670746914212394,102.6500015258789,122.9499969482422,0.5986370388780974
2020-02-29,22.055372486218474,22.256224285103283,-0.3945481555123897,2.364798808688981,2.670746914212394,110.0999984741211,136.85000610351562,0.5986370388780974
2020-03-31,22.055372486218474,22.256224285103283,-0.3945481555123897,2.364798808688981,2.670746914212394,119.5500030517578,123.5,0.5986370388780974
2020-04-30,22.055372486218474,22.256224285103283,-0.3945481555123897,2.364798808688981,2.670746914212394,104.6500015258789,139.9499969482422,0.5986370388780974
2020-05-31,22.055372486218474,22.256224285103283,-0.3945481555123897,2.364798808688981,2.670746914212394,96.3000030517578,162.35000610351562,0.5986370388780974
2020-06-30,22.055372486218474,22.256224285103283,-0.3945481555123897,2.364798808688981,2.670746914212394,100.0500030517578,159.35000610351562,0.5986370388780974
2020-07-31,22.055372486218474,22.256224285103283,-0.3945481555123897,2.364798808688981,2.670746914212394,118.9499969482422,179.5500030517578,0.5986370388780974
2020-08-31,22.055372486218474,22.256224285103283,-0.3945481555123897,2.364798808688981,2.670746914212394,129.8000030517578,193.4499969482422,0.5986370388780974
2020-09-30,22.055372486218474,22.256224285103283,-0.3945481555123897,2.364798808688981,2.670746914212394,110.9499969482422,194.0,0.5986370388780974
2020-10-31,22.055372486218474,22.256224285103283,-0.3945481555123897,2.364798808688981,2.670746914212394,104.4000015258789,203.9499969482422,0.5986370388780974
2020-11-30,22.055372486218474,22.256224285103283,-0.3945481555123897,2.364798808688981,2.670746914212394,120.6999969482422,233.25,0.5986370388780974
2020-12-31,23.13116544206104,22.055372486218474,-0.2869959297906185,-0.20085179888480909,2.646644698346217,128.25,226.1000061035156,0.5717489824476546
2021-01-31,23.13116544206104,22.055372486218474,-0.2869959297906185,-0.20085179888480909,2.646644698346217,122.9499969482422,235.1000061035156,0.5717489824476546
2021-02-28,23.13116544206104,22.055372486218474,-0.2869959297906185,-0.20085179888480909,2.646644698346217,136.85000610351562,234.25,0.5717489824476546
2021-03-31,23.13116544206104,22.055372486218474,-0.2869959297906185,-0.20085179888480909,2.646644698346217,123.5,226.3999938964844,0.5717489824476546
2021-04-30,23.13116544206104,22.055372486218474,-0.2869959297906185,-0.20085179888480909,2.646644698346217,139.9499969482422,222.5500030517578,0.5717489824476546
2021-05-31,23.13116544206104,22.055372486218474,-0.2869959297906185,-0.20085179888480909,2.646644698346217,162.35000610351562,231.25,0.5717489824476546
2021-06-30,23.13116544206104,22.055372486218474,-0.2869959297906185,-0.20085179888480909,2.646644698346217,159.35000610351562,233.6000061035156,0.5717489824476546
2021-07-31,23.13116544206104,22.055372486218474,-0.2869959297906185,-0.20085179888480909,2.646644698346217,179.5500030517578,217.1999969482422,0.5717489824476546
2021-08-31,23.13116544206104,22.055372486218474,-0.2869959297906185,-0.20085179888480909,2.646644698346217,193.4499969482422,239.1000061035156,0.5717489824476546
2021-09-30,23.13116544206104,22.055372486218474,-0.2869959297906185,-0.20085179888480909,2.646644698346217,194.0,221.5500030517578,0.5717489824476546
2021-10-31,23.13116544206104,22.055372486218474,-0.2869959297906185,-0.20085179888480909,2.646644698346217,203.9499969482422,177.6999969482422,0.5717489824476546
2021-11-30,23.13116544206104,22.055372486218474,-0.2869959297906185,-0.20085179888480909,2.646644698346217,233.25,167.6999969482422,0.5717489824476546
2021-12-31,19.025947723319593,23.13116544206104,-0.027259811149392136,1.0757929558425658,2.7757398530473245,226.1000061035156,167.3000030517578,0.506814952787348
2022-01-31,19.025947723319593,23.13116544206104,-0.027259811149392136,1.0757929558425658,2.7757398530473245,235.1000061035156,181.75,0.506814952787348
2022-02-28,19.025947723319593,23.13116544206104,-0.027259811149392136,1.0757929558425658,2.7757398530473245,234.25,190.3999938964844,0.506814952787348
2022-03-31,19.025947723319593,23.13116544206104,-0.027259811149392136,1.0757929558425658,2.7757398530473245,226.3999938964844,170.5,0.506814952787348
2022-04-30,19.025947723319593,23.13116544206104,-0.027259811149392136,1.0757929558425658,2.7757398530473245,222.5500030517578,189.8500061035156,0.506814952787348
2022-05-31,19.025947723319593,23.13116544206104,-0.027259811149392136,1.0757929558425658,2.7757398530473245,231.25,178.64999389648438,0.506814952787348
2022-06-30,19.025947723319593,23.13116544206104,-0.027259811149392136,1.0757929558425658,2.7757398530473245,233.6000061035156,161.0,0.506814952787348
2022-07-31,19.025947723319593,23.13116544206104,-0.027259811149392136,1.0757929558425658,2.7757398530473245,217.1999969482422,164.64999389648438,0.506814952787348
2022-08-31,19.025947723319593,23.13116544206104,-0.027259811149392136,1.0757929558425658,2.7757398530473245,239.1000061035156,152.6999969482422,0.506814952787348
2022-09-30,19.025947723319593,23.13116544206104,-0.027259811149392136,1.0757929558425658,2.7757398530473245,221.5500030517578,146.14999389648438,0.506814952787348
2022-10-31,19.025947723319593,23.13116544206104,-0.027259811149392136,1.0757929558425658,2.7757398530473245,177.6999969482422,167.3000030517578,0.506814952787348
2022-11-30,19.025947723319593,23.13116544206104,-0.027259811149392136,1.0757929558425658,2.7757398530473245,167.6999969482422,195.0,0.506814952787348
2022-12-31,15.96051056567548,19.025947723319593,-1.267584764584547,-4.1052177187414465,2.283113726798351,167.3000030517578,188.3000030517578,0.8168961911461368
2023-01-31,15.96051056567548,19.025947723319593,-1.267584764584547,-4.1052177187414465,2.283113726798351,181.75,194.0500030517578,0.8168961911461368
2023-02-28,15.96051056567548,19.025947723319593,-1.267584764584547,-4.1052177187414465,2.283113726798351,190.3999938964844,195.8500061035156,0.8168961911461368
2023-03-31,15.96051056567548,19.025947723319593,-1.267584764584547,-4.1052177187414465,2.283113726798351,170.5,188.8500061035156,0.8168961911461368
2023-04-30,15.96051056567548,19.025947723319593,-1.267584764584547,-4.1052177187414465,2.283113726798351,189.8500061035156,220.6499938964844,0.8168961911461368
2023-05-31,15.96051056567548,19.025947723319593,-1.267584764584547,-4.1052177187414465,2.283113726798351,178.64999389648438,222.3500061035156,0.8168961911461368
2023-06-30,15.96051056567548,19.025947723319593,-1.267584764584547,-4.1052177187414465,2.283113726798351,161.0,228.9499969482422,0.8168961911461368
2023-07-31,15.96051056567548,19.025947723319593,-1.267584764584547,-4.1052177187414465,2.283113726798351,164.64999389648438,229.1999969482422,0.8168961911461368
2023-08-31,15.96051056567548,19.025947723319593,-1.267584764584547,-4.1052177187414465,2.283113726798351,152.6999969482422,248.1999969482422,0.8168961911461368
2023-09-30,15.96051056567548,19.025947723319593,-1.267584764584547,-4.1052177187414465,2.283113726798351,146.14999389648438,270.25,0.8168961911461368
2023-10-31,15.96051056567548,19.025947723319593,-1.267584764584547,-4.1052177187414465,2.283113726798351,167.3000030517578,245.8999938964844,0.8168961911461368
2023-11-30,15.96051056567548,19.025947723319593,-1.267584764584547,-4.1052177187414465,2.283113726798351,195.0,321.6499938964844,0.8168961911461368
2023-12-31,14.10298638559508,15.96051056567548,-2.285846341468362,-3.065437157644112,1.9152612678810579,188.3000030517578,319.75,1.0
2024-01-31,14.10298638559508,15.96051056567548,-2.285846341468362,-3.065437157644112,1.9152612678810579,194.0500030517578,377.8500061035156,1.0
2024-02-29,14.10298638559508,15.96051056567548,-2.285846341468362,-3.065437157644112,1.9152612678810579,195.8500061035156,379.0499877929687,1.0
2024-03-31,14.10298638559508,15.96051056567548,-2.285846341468362,-3.065437157644112,1.9152612678810579,188.8500061035156,379.75,1.0
2024-04-30,14.10298638559508,15.96051056567548,-2.285846341468362,-3.065437157644112,1.9152612678810579,220.6499938964844,413.6000061035156,1.0
2024-05-31,14.10298638559508,15.96051056567548,-2.285846341468362,-3.065437157644112,1.9152612678810579,222.3500061035156,342.45001220703125,1.0
2024-06-30,14.10298638559508,15.96051056567548,-2.285846341468362,-3.065437157644112,1.9152612678810579,228.9499969482422,306.75,1.0
2024-07-31,14.10298638559508,15.96051056567548,-2.285846341468362,-3.065437157644112,1.9152612678810579,229.1999969482422,295.79998779296875,1.0
2024-08-31,14.10298638559508,15.96051056567548,-2.285846341468362,-3.065437157644112,1.9152612678810579,248.1999969482422,396.8500061035156,1.0
2024-09-30,14.10298638559508,15.96051056567548,-2.285846341468362,-3.065437157644112,1.9152612678810579,270.25,374.8500061035156,1.0
2024-10-31,14.10298638559508,15.96051056567548,-2.285846341468362,-3.065437157644112,1.9152612678810579,245.8999938964844,392.0499877929687,1.0
2024-11-30,14.10298638559508,15.96051056567548,-2.285846341468362,-3.065437157644112,1.9152612678810579,321.6499938964844,413.0,1.0
2024-12-31,12.81431756918043,14.10298638559508,-2.1164666556410054,-1.8575241800804,1.6923583662714097,319.75,348.75,1.0
2025-01-31,12.81431756918043,14.10298638559508,-2.1164666556410054,-1.8575241800804,1.6923583662714097,377.8500061035156,,1.0
2025-02-28,12.81431756918043,14.10298638559508,-2.1164666556410054,-1.8575241800804,1.6923583662714097,379.0499877929687,,1.0
2025-03-31,12.81431756918043,14.10298638559508,-2.1164666556410054,-1.8575241800804,1.6923583662714097,379.75,,1.0
2025-04-30,12.81431756918043,14.10298638559508,-2.1164666556410054,-1.8575241800804,1.6923583662714097,413.6000061035156,,1.0
2025-05-31,12.81431756918043,14.10298638559508,-2.1164666556410054,-1.8575241800804,1.6923583662714097,342.45001220703125,,1.0
2025-06-30,12.81431756918043,14.10298638559508,-2.1164666556410054,-1.8575241800804,1.6923583662714097,306.75,,1.0
2025-07-31,12.81431756918043,14.10298638559508,-2.1164666556410054,-1.8575241800804,1.6923583662714097,295.79998779296875,,1.0
2025-08-31,12.81431756918043,14.10298638559508,-2.1164666556410054,-1.8575241800804,1.6923583662714097,396.8500061035156,,1.0
2025-09-30,12.81431756918043,14.10298638559508,-2.1164666556410054,-1.8575241800804,1.6923583662714097,374.8500061035156,,1.0
2025-10-31,12.81431756918043,14.10298638559508,-2.1164666556410054,-1.8575241800804,1.6923583662714097,392.0499877929687,,1.0
2025-11-30,12.81431756918043,14.10298638559508,-2.1164666556410054,-1.8575241800804,1.6923583662714097,413.0,,1.0
2025-12-31,14.049429548192945,12.81431756918043,-1.9686137746740195,-1.288668816414651,1.5377181083016516,348.75,,0.9921534436685049
